ID;Severity;Area;Title;Description and impact;Steps to reproduce;Actual result;Expected result;How to fix;Location in the code;Covering cases
DEF-01;Critical;Frontend · form logic;The success screen is shown whether or not the registration succeeded;"The submit handler neither awaits the response nor handles a rejection: the service call and the navigation to the thank-you screen sit one after another. The user believes an account was created when none exists. This defect masks every other registration failure, so it has to be fixed before the rest.";"1. Open the registration form.
2. Fill every field with valid values, entering password1 in both password fields.
3. Tick the consent checkbox and press S'inscrire.
4. Open the network panel and inspect the response to POST /users/create.
5. Run select count(*) from users against the database.";"The server returned 400 Bad Request, the console shows Uncaught (in promise) AxiosError, the users table holds zero rows. The screen reads “Thank you for subscription!”.";"The user stays on the form, sees an error message and can correct the data.";"Await the promise, navigate to /success only on the success branch, surface the error inside the form. The same behaviour reproduces with the backend container fully stopped: ERR_CONNECTION_REFUSED, success screen.";frontend/src/components/screens/auth/Auth.tsx:38-39;TC-FF-001 TC-FF-002 TC-FF-011 TC-E2E-002 TC-E2E-005
DEF-02;Critical;API · security;An id field in the request body overwrites an existing user;"TypeORM's save() performs an upsert: when the incoming object carries a primary key, the row is updated instead of inserted. The body is not filtered at all, so an unauthenticated request silently replaces any user's data. This is data loss and account takeover in a single command.";"1. Create a user with an ordinary request and note its id, for example 2.
2. Send POST /users/create with ""id"": 2 added to the body, plus a different name, email and phone.
3. Read the row with id = 2 from the users table.";"The response is 201 Created, yet no row was created: the existing one was overwritten from Jean / a@b.co to ATTACKER / attacker@evil.co.";"The id field in the body is ignored, a new row is created, existing data is untouched.";"Enable a global ValidationPipe with whitelist and forbidNonWhitelisted, and replace save() with insert() or build the entity explicitly from allowed fields.";backend/src/user/user.service.ts:18;TC-SEC-001
DEF-03;Critical;Data and database;The password is stored in the database in clear text;"The password is written to the column as received, with no hashing. Any dump, backup or access to the database port exposes every user's password at once. People reuse passwords, so the damage reaches well beyond this service.";"1. Register a user with the password Abcdef1!.
2. Run select email, password from users.";The password column holds the literal string Abcdef1!.;"An irreversible hash is stored, from which the password cannot be recovered.";"Hash the password with bcrypt or argon2id before saving, rename the column to password_hash, and treat every existing value as compromised.";"backend/src/user/user.service.ts:18
backend/src/user/entity/user.entity.ts:20";TC-SEC-002 TC-E2E-001
DEF-04;Critical;API · security;The password is written to the application log in clear text;"The controller prints the whole request body, password included. The container log flows into whatever log aggregation is in place, where far more people can read it than can read the database. Together with DEF-30 this applies to every environment started from the README.";"1. Confirm that the DEBUG variable is true, as it is by default.
2. Send a registration with the password LogLeak9!.
3. Run docker logs against the backend container and search for the password line.";The log prints the full request body: password: 'LogLeak9!' next to the email and phone number.;The password never reaches the log under any environment configuration.;"Mask the password before printing, or log only a request id and the response code.";backend/src/user/user.controller.ts:13;TC-SEC-003
DEF-05;Critical;End-to-end scenarios;Client and server describe the password requirements with different rules;"Two independent regular expressions impose different requirements. The client asks for a letter and a digit; the server asks for an uppercase letter, a lowercase letter, a digit and a special character. The two sets of accepted special characters differ as well. Combined with DEF-01 this silently loses a registration on the most ordinary password.";"1. Type the password password1 into the form and confirm the form accepts it.
2. Send the same password directly to POST /users/create.
3. Send the password Abcdef1^ to the API.
4. Type Abcdef1^ into the form.";"password1: the form accepts it, the API answers 400 “ERROR: invalid password”. Abcdef1^: the API answers 201, the form rejects it.";The same value is accepted or rejected identically on both layers.;"Move the rule into a shared module used by both the form and the server DTO, and derive the error message from that same rule.";"frontend/src/shared/regex.ts:4
backend/src/config/regex.config.ts:2";TC-FV-052 TC-FV-054
DEF-06;Critical;Infrastructure and build;The project does not start with the command from the README;"Dependency versions are not pinned, so an install pulls whatever is current today. Two of them require Node 20 while docker-compose pins Node 18. The install fails and the application never starts. For a reviewer this means the assignment cannot be run without editing files first.";"1. Clone the repository into a clean directory.
2. Run docker compose up in the project root.
3. Read the output of the backend and frontend containers.";"Both containers fail during dependency installation: “@nestjs/mapped-types@12.0.0: The engine ""node"" is incompatible with this module. Expected version "">=20.19.0"". Got ""18.20.8""”, and the same error for sass@1.104.0.";docker compose up brings the application up and it is reachable on port 3000.;"Commit the lock files, pin @nestjs/mapped-types and sass to compatible versions, or raise the Node image to a supported one. The root cause is DEF-28.";"backend/package.json:26
frontend/package.json:21
.gitignore:2";TC-INF-001
DEF-07;Major;Frontend · field validation;Pressing Backspace in the phone field permanently disables the minimum-length check;The key handler sets the minimum length to zero on any Backspace and never restores it. Deleting a single character is enough for the form to accept a one-digit phone number. A leftover console.log('delete') sits next to it in the code.;"1. Reload the form.
2. Type two digits into the Numéro de téléphone field and confirm the error “Phone Number must be at least 8 characters” appears.
3. Press Backspace once.
4. Type one more digit.";The field holds 121 and the minimum-length error is gone. The check never comes back until the page is reloaded.;The minimum-length error stays until the field holds at least eight digits.;"Remove the onKeyDown handler and the minLength state, and set the minimum length as a constant. Remove the debug output while you are there.";"frontend/src/components/screens/auth/AuthFields.tsx:20-23
frontend/src/components/screens/auth/AuthFields.tsx:72";TC-FV-033 TC-E2E-003
DEF-08;Major;API · contract and validation;A body without a first or last name produces HTTP 500;"The emptiness check iterates over the keys of the received object, so fields missing from the body are never seen. There are no dedicated checks for the names either. The request reaches the insert and fails on a NOT NULL constraint, and the client gets “Internal server error” instead of a usable description.";"1. Send POST /users/create with a valid last name, email, phone, password and consent, but without the first_name key.
2. Repeat the request, removing last_name instead.";"Both requests answer 500 with the body {""statusCode"":500,""message"":""Internal server error""}.";400 naming the field that is missing.;"Add class-validator and a global ValidationPipe, and mark every DTO field as required.";backend/src/user/user.service.ts:34-41;TC-API-002 TC-API-003 TC-API-006 TC-API-015
DEF-09;Major;Data and database;The email address is not unique — one address registers any number of times;"The schema carries no unique index and the service performs no lookup for an existing user. Duplicates make sign-in and password recovery impossible, because an address no longer identifies a single account.";"1. Send a registration for dup@example.com.
2. Send exactly the same request a second time.
3. Run select id, email from users where email = 'dup@example.com'.";Both requests answer 201 and the table holds two rows with the same address.;The second request is rejected with 409 and a message saying the address is taken.;"Declare the column as @Column({unique: true}), catch the constraint violation and return 409. Lower-case the address before saving.";backend/src/user/entity/user.entity.ts:14;TC-FV-047 TC-DB-001 TC-DB-007 TC-E2E-008
DEF-10;Major;Frontend · form logic;Nothing prevents the form from being submitted twice;"The button is not disabled while the request is in flight and there is no submitting state. Every click issues its own request, and the server does not reject duplicates because the address is not unique either. A user who double-clicks through a slow connection ends up with two accounts.";"1. Empty the users table.
2. Fill the form with valid values.
3. Press the S'inscrire button three times in quick succession.
4. Run select id, email from users.";"Three requests were sent, all answered 201, and the table holds three identical rows.";Exactly one record is created regardless of how many times the button is pressed.;"Disable the button while formState.isSubmitting is true, and add a unique index on the email column.";frontend/src/components/screens/auth/Auth.tsx:38;TC-FF-003 TC-FF-004 TC-E2E-004
DEF-11;Major;Frontend · field validation;A name with diacritics is rejected by a French-language form;"The regular expression allows only unaccented Latin letters plus space, comma, full stop, apostrophe and hyphen. The form is entirely in French, yet François, Amélie and Noëlle cannot register. For the target audience this is a plain denial of service. The server accepts the same values, so the two layers disagree.";"1. Open the form.
2. Type François into the Votre prenom field.
3. Type Amélie.
4. Send François directly to POST /users/create.";The form answers “Please enter a valid first name” for both names. The API accepts the same name with 201 and stores it.;Names with diacritics are accepted by both layers.;"Switch to Unicode properties: /^[\p{L}\p{M} ,.'-]+$/u, and mirror the same rule in the server DTO.";frontend/src/shared/regex.ts:8;TC-FV-007 TC-FV-008 TC-FV-046 TC-E2E-007
DEF-12;Major;Frontend · field validation;"The phone field accepts digits only, with no separators";"Both the international +33 6 12 34 56 78 and the national 06 12 34 56 78 contain a plus sign and spaces, so both are rejected. These are the two ways a French user writes a phone number by default. The user is left to guess that the separators must be deleted.";"1. Open the form.
2. Type +33612345678 into the Numéro de téléphone field.
3. Type 06 12 34 56 78.";Both values are rejected. The error text reads “Ce champ est requis” even though the field is filled in — see DEF-39.;The value is normalised before validation: separators and a country code are accepted.;"Strip everything but digits and a leading plus before validating, or use libphonenumber.";frontend/src/shared/regex.ts:6;TC-FV-034 TC-FV-035
DEF-13;Major;Frontend · field validation;The maximum name length depends on the user agent string;"The rule branches on whether the user agent contains the substring Chrome: the limit is 28 characters in Chrome and 40 everywhere else. The error text says 28 in both cases. Identical data behaves differently for different users, and a bug report cannot be reproduced without knowing the browser.";"1. Open the form in Chrome and type a 30-letter Latin name.
2. Open the same form in a browser whose user agent does not contain Chrome, for example Firefox.
3. Type the same 30 characters.";Chrome rejects the value with “First Name must be less than 28 characters”. Firefox accepts the very same value.;The limit is identical in every browser and matches the message text.;"Remove the user-agent branch, move the limit into a constant, and mirror the check on the server.";frontend/src/components/screens/auth/AuthFields.tsx:37;TC-FV-006 TC-FV-022
DEF-14;Major;Frontend · layout;A hard minimum width on the last-name field breaks the mobile layout;The field carries an inline min-width of 400px. On a 375-pixel screen the field is wider than the viewport and spills past the left edge of the card onto the background. The form looks broken on the most common class of device.;"1. Open the form.
2. Set the window width to 375 pixels or enable mobile device emulation.
3. Inspect the Votre nom field.";The field measures 400 pixels while its neighbours measure 275. Its left edge sits off-screen and its right edge at 325 pixels.;Every field in the form shares a width and fits inside the card.;Remove the inline minWidth style.;frontend/src/components/screens/auth/AuthFields.tsx:66;TC-UI-001
DEF-15;Major;API · contract and validation;The server does not limit the length of the first or last name;"Server-side validation covers consent, phone, password and email. For the first and last name there is neither a length check nor a character-set check. Together with DEF-27 a string of arbitrary size reaches the database, bounded only by the request body limit.";"1. Send POST /users/create where first_name consists of 10,000 A characters.
2. Read the stored row from the table.";"The response is 201 and the value is stored in full, all 10,000 characters.";400 stating the permitted length.;Add @Length to the DTO and constrain the column length in the schema.;backend/src/user/user.service.ts:26-70;TC-FV-013 TC-API-019
DEF-16;Major;API · contract and validation;The server does not limit the phone number length;"The server rule only checks that the string consists of digits. There is no minimum and no maximum, so a one-digit number is stored. The client-side bounds of 8 and 16 live in the form alone and are bypassed by a direct API call or by defect DEF-07.";"1. Send POST /users/create with phone_number set to 7.
2. Read the stored row.";"The response is 201 and the database holds the phone number 7, one character long.";400: the number is shorter than the minimum permitted length.;Move the length bounds into the server DTO and keep them in step with the form.;backend/src/config/regex.config.ts:3;TC-FV-036 TC-API-022
DEF-17;Major;API · contract and validation;The server sets no upper bound on password length;"The server expression ends with an unbounded quantifier, so password length is limited only by the request body size. The client, meanwhile, caps the password at 28 characters. Beyond the mismatch between layers, this loads whatever hashing algorithm is adopted later.";"1. Send POST /users/create with a 1000-character password that satisfies the server rule.
2. Check the response code.";The response is 201 and the password is stored in full.;400: the password exceeds the permitted 28 characters.;Add an upper bound to the server rule and keep it equal to the client's.;backend/src/config/regex.config.ts:2;TC-FV-051 TC-API-021
DEF-18;Major;API · contract and validation;Unknown fields in the request body are accepted and echoed back;"There is no global ValidationPipe and the DTOs are plain classes without decorators, so the body is never filtered. Any extra field passes through the service and into the response. That same absence of filtering is what makes DEF-02 possible.";"1. Send POST /users/create with ""role"": ""admin"" added to the body.
2. Read the response body.";"The response is 201 and its body contains {""role"":""admin"", ...}.";"The field is dropped, or the request is rejected with 400.";"app.useGlobalPipes(new ValidationPipe({whitelist: true, forbidNonWhitelisted: true})) plus class-validator decorators on every DTO field.";"backend/src/main.ts:6
backend/src/user/dto/user.dto.ts";TC-API-012
DEF-19;Major;API · contract and validation;Consent is accepted for any truthy value;"The check tests the field for truthiness rather than for equality with true. The string ""false"" is truthy in JavaScript, so it counts as consent. The field is legally meaningful — it records acceptance of the terms of use — and it is effectively unchecked.";"1. Send POST /users/create with ""is_agree"": ""false"".
2. Repeat the request with ""is_agree"": 1.
3. Repeat it with ""is_agree"": ""no"".";All three requests answer 201 and create a user.;400 for any value other than the boolean true.;An @IsBoolean decorator in the DTO and a strict comparison against true.;backend/src/user/user.service.ts:27;TC-API-007 TC-API-008
DEF-20;Major;API · contract and validation;Value types in the request body are not validated;"The DTO fields are declared as strings but carry no validation decorators, so anything at all lands in them. A number and an array reach the data layer and are coerced to text on write, leaving values such as {""a"",""b""} in the database.";"1. Send POST /users/create with ""first_name"": 12345.
2. Repeat it with ""first_name"": [""a"",""b""].
3. Read the stored rows.";"Both requests answer 201. The database holds the strings 12345 and {""a"",""b""}.";400: the field must be a string.;@IsString and @IsNotEmpty on the string fields of the DTO.;backend/src/user/dto/user.dto.ts;TC-API-009 TC-API-010 TC-API-011
DEF-21;Major;Infrastructure and build;The database volume is mounted at a path Postgres never uses;"The dbdata volume is mounted at /var/lib/mysql while Postgres keeps its data in /var/lib/postgresql/data. The real data lives in the container's writable layer and is destroyed by docker compose down. Every registered user disappears without warning, and the volume itself stays permanently empty.";"1. Register a user and confirm the row appears in the table.
2. Run docker compose down.
3. Run docker compose up -d.
4. Read the users table.";The table is empty. Inside the container /var/lib/postgresql/data occupies 40 MB while the mounted /var/lib/mysql holds no files at all.;Registered users survive a restart of the stack.;Mount the volume at /var/lib/postgresql/data.;docker-compose.yml:39;TC-DB-006 TC-E2E-006
DEF-22;Major;API · security;Registration is not rate-limited;"The endpoint is open, there is no rate limiter, and there is no address confirmation or captcha either. The table can be filled with an arbitrary number of records in seconds, and once outbound email exists the service becomes a tool for mailing strangers.";"1. Send sixty POST /users/create requests in a row with different addresses.
2. Inspect the response codes and the elapsed time.";"Sixty 201 responses in 0.94 seconds, with no rejections.";After a handful of consecutive requests the service answers 429 Too Many Requests.;Add @nestjs/throttler to the endpoint and a captcha to the form.;backend/src/user/user.controller.ts:10;TC-SEC-004 TC-NFR-001
DEF-23;Major;API · contract and validation;The root controller is not registered with the application module;"AppController and AppService exist and return the string “Service is working!”, but neither appears in the module's controller list. The GET / route is never registered, so there is no liveness check, and the project's own e2e test targets precisely that route.";"1. Start the backend.
2. Send a GET request to the service root.";The response is 404 Not Found.;"200 with the body “Service is working!”, as declared in the code and in test/app.e2e-spec.ts.";Add AppController to controllers and AppService to providers in the module.;"backend/src/app.module.ts:8
backend/src/app.controller.ts:8";TC-API-017
DEF-24;Major;Infrastructure and build;The bundled e2e test cannot run because of an unresolvable import;"The service imports a module at the path src/config/regex.config, which resolves through baseUrl during a Nest build but is not configured in the Jest e2e config. The suite fails at module resolution, no test executes, and the command exits with an error.";"1. Install the backend dependencies.
2. Run yarn test:e2e.";"Cannot find module 'src/config/regex.config' from 'user/user.service.ts'. Test Suites: 1 failed, Tests: 0 total.";The test runs and reports the result of its assertion.;"Add moduleNameMapper or modulePaths to test/jest-e2e.json, or change the import to a relative path.";"backend/test/jest-e2e.json
backend/src/user/user.service.ts:3";TC-INF-003
DEF-25;Major;Infrastructure and build;The unit test command fails because there are no tests;"The project contains no spec files at all, and Jest is configured to treat an empty match set as an error. The test step of any pipeline will be permanently red, and the exit code cannot distinguish “no tests” from “tests failed”.";"1. Install the backend dependencies.
2. Run yarn test.";"testRegex: .*\.spec\.ts$ — 0 matches, and the command exits with code 1.";"Tests exist and pass, or the step is explicitly marked as skipped.";"Add unit tests for at least UserService.validateData, where all the business logic sits.";backend/package.json:17;TC-INF-002
DEF-26;Major;Accessibility and localisation;None of the form fields has an accessible name;"Field captions are drawn as separate blocks beside the inputs and are not associated with them in any way. The page contains no label element, no id and no aria-label. The component consumes the placeholder prop to render the caption, so the inputs carry no placeholder attribute either. A screen reader user hears seven unnamed text fields in a row.";"1. Open the form.
2. Run document.querySelectorAll('label').length in the console.
3. Check the inputs for id, aria-label and placeholder attributes.
4. Walk through the form with a screen reader enabled.";"There are 0 label elements, 0 inputs with an id, 0 with aria-label and 0 with a placeholder attribute. The screen reader announces the fields without names.";Every field has an accessible name matching its visible caption.;"Wrap the caption in a label with a for attribute and give the inputs ids, or pass aria-label.";frontend/src/components/ui/field/Field.tsx:17-21;TC-AX-001
DEF-27;Major;Data and database;The text columns are declared without a length limit;"All five text columns are typed character varying with no length, so they accept a string of any size. Together with DEF-15 this means a record is bounded only by the HTTP body limit, and a single registration can occupy tens of kilobytes.";"1. Start the database.
2. Run \d users in psql.
3. Inspect the character_maximum_length column in information_schema.columns.";"Five character varying columns, every one of them with character_maximum_length set to NULL.";Each text column carries a sensible maximum length.;Set length in the @Column decorators and apply the change through a migration.;backend/src/user/entity/user.entity.ts:8-20;TC-DB-002
DEF-28;Major;Infrastructure and build;Lock files are excluded from the repository;"yarn.lock is listed in .gitignore, so the dependency tree is recomputed on every install. The build stops being reproducible: two developers and the pipeline end up with different versions, and over time the project breaks on its own. That is exactly what happened — see DEF-06.";"1. Open .gitignore in the repository root.
2. Find the yarn.lock entry.
3. Install dependencies twice with a gap between and compare the resolved versions.";yarn.lock is listed in .gitignore and no lock file is present in the repository.;Lock files are committed and installs are reproducible.;Remove yarn.lock from .gitignore and commit it for both packages.;.gitignore:2;TC-INF-012
DEF-29;Major;API · security;Markup is stored in the database unescaped and unrejected;"A value containing a script tag is written verbatim. There is no direct exploit today because no endpoint reads the data back, but the first admin screen or the first email carrying a user's name turns this into stored cross-site scripting. The defect is latent, and fixing it now is cheaper.";"1. Send POST /users/create where first_name contains a script tag calling alert.
2. Read the stored value from the database.";"The response is 201 and the value is stored verbatim, angle brackets included.";The value is rejected by a character-set check or escaped on write.;Restrict the permitted character set in the DTO and escape values wherever they are rendered.;backend/src/user/user.service.ts:18;TC-SEC-007
DEF-30;Major;Infrastructure and build;Debug output is enabled by default in the run configuration;The DEBUG variable defaults to true inside docker-compose itself. That means every environment started from the README prints request bodies along with passwords. This defect turns DEF-04 from a possible problem into an actual one.;"1. Open docker-compose.yml and find the DEBUG variable line.
2. Start the stack with the README command, setting no environment variables.
3. Send a registration and read the container log.";DEBUG: ${DEBUG:-true} — the default is true and request bodies are printed.;The default is false and debug output is switched on deliberately.;Change the default to false and move the variables into a .env file.;"docker-compose.yml:14
backend/src/config/app.config.ts:6";TC-INF-010
DEF-31;Major;API · security;Cross-origin access is granted to any site;"Calling enableCors with no options returns a wildcard header, so any page on the internet can submit a registration on behalf of whoever opened it. With no captcha and no rate limit this is a ready-made channel for inflating sign-ups.";"1. Send OPTIONS to /users/create with the header Origin: https://evil.example.
2. Send a POST to the same path with the same Origin header.
3. Inspect the Access-Control-Allow-Origin header in both responses.";"The preflight answers 204 and the main request 201, both carrying Access-Control-Allow-Origin: *.";Only the application's own frontend origin is allowed.;Pass an explicit list of allowed origins from configuration into enableCors.;backend/src/main.ts:6;TC-SEC-005
DEF-32;Major;Frontend · form logic;The HTTP client has no timeout configured;"The axios instance is created without a timeout, so a request to a host that accepts the connection but never answers hangs until the operating system gives up. On its own that is a stuck request; combined with DEF-01 the user is already on the success screen and never learns anything went wrong.";"1. Open the axios configuration in frontend/src/api/interceptors.ts.
2. Confirm that no timeout option is set.
3. Submit the form against a host that accepts the connection but does not respond.";No timeout option is present and the request stays pending indefinitely.;The request aborts after a sensible interval and the user sees a timeout message.;Set timeout on the axios instance configuration and handle the ECONNABORTED error code.;frontend/src/api/interceptors.ts:5;TC-FF-009
DEF-33;Major;Infrastructure and build;The database port is published on every network interface;"Port 5432 is bound to 0.0.0.0, so the database is reachable from the local network. Together with the password from DEF-70 and clear-text password storage from DEF-03, this means a stranger on any untrusted network reads every user's password. The application does not need external access: the services talk over the internal Docker network.";"1. Start the stack.
2. Run docker compose ps and inspect the ports column.
3. Try connecting to port 5432 from another machine on the same network.";0.0.0.0:5432->5432/tcp — the database accepts connections from any address.;"The database port is not published at all, or is bound to 127.0.0.1.";"Drop the port mapping from the db service; for debugging use a 127.0.0.1:5432:5432 binding.";docker-compose.yml:40-42;TC-SEC-011 TC-INF-007
DEF-34;Minor;Frontend · field validation;The password error text describes a rule that does not exist;"The message demands an uppercase letter, a lowercase letter and a digit, while the expression only checks for any letter and a digit. The special-character requirement enforced by the server is not mentioned at all. The user picks a password from an incorrect hint and is rejected by the server anyway.";"1. Type password1 into the password field — it has no uppercase letter.
2. Type 27 uppercase letters followed by a digit — it has no lowercase letter.
3. Read the error text shown for an invalid password.";"Both values are accepted by the form, even though the message reads “Minimum eight characters, at least one uppercase letter, one lowercase letter and one number”.";"The message describes the rule that is actually applied, special character included.";Generate the text from the shared rule introduced when fixing DEF-05.;"frontend/src/components/screens/auth/AuthFields.tsx:116-119
frontend/src/shared/regex.ts:4";TC-FV-053 TC-FV-055 TC-FV-056 TC-FV-057 TC-FV-059 TC-FV-072
DEF-35;Minor;Frontend · field validation;The maximum-length messages are off by one;"The wording “less than N” is used where exactly N is allowed. The mistake repeats across four fields: first name, last name, phone and both password fields. It is small, but it consistently misleads anyone probing boundary values and reads as carelessness.";"1. Type exactly 28 characters into the first-name field.
2. Type 29 characters and read the error text.
3. Repeat for the phone field with 16 and then 17 digits.";"28 characters is accepted; at 29 the message reads “First Name must be less than 28 characters”. 16 digits is accepted; at 17 it reads “Phone Number must be less than 16 characters”.";The text matches the boundary: “no more than 28 characters”.;Correct the wording in all four fields.;"frontend/src/components/screens/auth/AuthFields.tsx:36-39
frontend/src/components/screens/auth/AuthFields.tsx:75-78";TC-FV-004 TC-FV-021 TC-FV-032
DEF-36;Minor;Frontend · field validation;The last-name error message talks about the first name;The first-name message was copied into the rule for the Votre nom field. A user seeing the error looks for the problem in the wrong field.;"1. Open the form.
2. Type a value with a disallowed character, such as François, into the Votre nom field.
3. Read the error text below the field.";“Please enter a valid first name” is shown beneath the last-name field.;The message refers to the last name.;Correct the text to say last name.;frontend/src/components/screens/auth/AuthFields.tsx:59-62;TC-FV-020
DEF-37;Minor;Frontend · field validation;A four-character minimum on the name rejects real names;"Luc, Ali, Bo and Ève are ordinary two- and three-letter names, several of them common in France. A four-character minimum follows neither from the domain nor from any database constraint, and simply turns some users away.";"1. Open the form.
2. Type Luc into the Votre prenom field.";“First Name must be at least 4 characters” is shown and the value is rejected.;A two- or three-character name is accepted.;Lower the minimum to one character and keep the character-set check.;frontend/src/components/screens/auth/AuthFields.tsx:32-35;TC-FV-002
DEF-38;Minor;Frontend · layout;Typo in the confirm-password field caption;It reads “Confirmez vorte mot de passe” instead of “votre”. The typo is visible on the first screen and undermines the perceived quality of the product before the user reaches any functionality.;"1. Open the form.
2. Read the caption of the sixth field.";The caption reads “Confirmez vorte mot de passe”.;The caption reads “Confirmez votre mot de passe”.;Fix the string and move all interface texts into a localisation dictionary.;frontend/src/components/screens/auth/AuthFields.tsx:144;TC-UI-008
DEF-39;Minor;Frontend · field validation;The phone format error says the field is required;The format rule carries the text “Ce champ est requis” — “this field is required”. The user sees it with the field filled in and cannot tell what to change. It is a direct consequence of copying the text from the required rule.;"1. Open the form.
2. Type +33612345678 into the Numéro de téléphone field.
3. Read the error text.";“Ce champ est requis” is shown while the field holds a value.;The message describes the expected number format.;"Replace the text with a description of the format, for example “Entrez un numéro à 8–16 chiffres”.";frontend/src/components/screens/auth/AuthFields.tsx:79-82;TC-FV-039
DEF-40;Minor;Frontend · field validation;Field values are not trimmed before submission;"Leading and trailing spaces are stored as typed. An email copied with a trailing space — the most common paste scenario — is rejected on format instead of being trimmed, and the user cannot see why.";"1. Type a name with spaces at both ends into the first-name field.
2. Paste an email address with a trailing space into the email field.
3. Submit the form and read the stored name value.";The name is stored with its spaces. The address with a trailing space is rejected as badly formatted.;Values are trimmed before validation and before submission.;Apply setValueAs or a shared trim handler to every text field.;frontend/src/components/screens/auth/Auth.tsx:23-36;TC-FV-012 TC-FV-045
DEF-41;Minor;API · contract and validation;The emptiness check lets a whitespace-only string through;"The check tests the value for truthiness, and a string of spaces is truthy. A four-space name therefore passes both the client character-set check and the server emptiness check, and lands in the database.";"1. Send POST /users/create with ""first_name"": ""    "".
2. Read the stored row.";The response is 201 and the database holds a row of spaces.;400: the field is empty once trimmed.;Trim the value before checking and compare the resulting length against zero.;backend/src/user/user.service.ts:34-41;TC-FV-011 TC-API-020
DEF-42;Minor;Frontend · layout;A stray asterisk is rendered above the consent checkbox;"The field component always renders a caption block with a required asterisk. The checkbox is given no caption, so an empty line with a lone red character remains, attached to nothing.";"1. Open the form.
2. Look at the area between the confirm-password field and the consent text.";A single red asterisk with no caption is displayed between the fields.;No stray character appears there.;Skip the caption block when no placeholder prop is passed.;"frontend/src/components/ui/field/Field.tsx:17-21
frontend/src/components/screens/auth/AuthFields.tsx:151";TC-FV-083
DEF-43;Minor;Frontend · field validation;The consent checkbox has no error text;The required rule is written as an object with the value true but no message field. The error block renders empty: the user sees that the button does nothing but cannot tell what is missing.;"1. Fill every form field with valid values.
2. Leave the consent checkbox unticked.
3. Inspect the area under the checkbox and the state of the button.";"The error object exists but its message property is undefined, leaving an empty element under the checkbox.";A text explaining that consent is required is shown.;Set message on the required rule.;frontend/src/components/screens/auth/AuthFields.tsx:153-155;TC-FV-082
DEF-44;Minor;Frontend · layout;The disabled submit button looks exactly like an enabled one;"The button is disabled while the form is invalid, yet keeps the same bright yellow background, full opacity and a working hover effect. The user clicks, nothing happens, and no explanation appears anywhere. Combined with DEF-43 and DEF-45 this produces a form that silently refuses to work.";"1. Open the form without filling anything in.
2. Hover over the S'inscrire button and click it.
3. Compare the computed styles with how the button looks once the form is valid.";"disabled is true, yet the background rgb(255, 208, 1) and opacity 1 match the enabled state and the hover effect still fires.";"The disabled state is visible: muted background, changed cursor, no hover effect.";"Add disabled styles, or keep the button enabled and surface the errors on click.";"frontend/src/components/ui/button/Button.tsx:10-16
frontend/src/components/screens/auth/AuthForm.tsx:35-38";TC-UI-004
DEF-45;Minor;Frontend · form logic;A password mismatch is not shown when the main field is edited after confirmation;"The match rule is evaluated only when the confirmation field changes. If the passwords already matched and the main password is then edited, no error appears, yet the form becomes invalid and the button goes dead. The result is a dead end: no visible errors, and no way to submit.";"1. Type identical passwords into both fields and confirm the button is enabled.
2. Edit the main password field only.
3. Inspect the confirmation field and the state of the button.";"No error text appears under the confirmation field, while the submit button becomes disabled.";“The passwords do not match” appears under the confirmation field.;"Declare deps on the password field, or call trigger for the confirmation when it changes.";frontend/src/components/screens/auth/AuthFields.tsx:139-141;TC-FV-071
DEF-46;Minor;Routing;An unknown route renders a completely blank page;"The router declares only the root and /success, with no catch-all route. A typo in the address or a stale link produces a white screen with nothing on it and no way back other than editing the URL by hand.";"1. Open the application.
2. Navigate to /nonexistent-page-404.
3. Inspect the page content and the root element.";The page is blank and the root element contains no child nodes.;"A 404 page with a link back to the form, or a redirect.";Add a route with the path * rendering a 404 page.;frontend/src/App.tsx:7-10;TC-RT-001
DEF-47;Minor;Routing;The thank-you screen opens directly without a registration;"The /success route is not guarded by navigation state, so anyone can reach the screen by direct link. This is not a vulnerability, but it is misleading and makes conversion counting by screen views meaningless.";"1. Open the application in a new tab.
2. Navigate to /success without filling in the form.";The “Thank you for subscription!” screen is shown with no prior registration.;The user is redirected to the form.;Pass a success flag through navigation state and redirect when it is absent.;frontend/src/App.tsx:9;TC-RT-002
DEF-48;Minor;Accessibility and localisation;The password visibility toggle cannot be reached from the keyboard;"The icon is a plain block with a click handler: no tabindex, no role, no accessible name. A keyboard-only user can neither focus it, nor activate it, nor learn that it exists. The page offers just eight focusable elements: seven fields and the button.";"1. Open the form.
2. Tab through the entire form.
3. Try to reveal the typed password without a mouse.";"The element is a div with no tabindex, role or aria-label, and Tab skips over it.";The toggle receives focus and responds to Enter and Space.;Replace the block with a button of type button carrying aria-pressed and a text label.;frontend/src/components/ui/field/Field.tsx:40-41;TC-AX-002
DEF-49;Minor;Accessibility and localisation;The form fields carry no autocomplete attributes;"Not one field has an autocomplete attribute, so the browser and the password manager do not recognise this as a sign-up form. Autofill for name, phone and address never fires and no password suggestion appears. The user types all seven fields by hand.";"1. Open the form in a browser with autofill enabled.
2. Place the cursor in the name field and check whether saved values are offered.
3. Check every field for an autocomplete attribute.";The autocomplete attribute is absent on all seven fields and no autofill suggestions appear.;"The fields carry given-name, family-name, tel, email and new-password.";Set the appropriate autocomplete value on each field.;frontend/src/components/screens/auth/AuthFields.tsx:29-160;TC-FV-060
DEF-50;Minor;Accessibility and localisation;Clicking the consent text does not toggle the checkbox;"The terms text sits in its own paragraph beside the field and is not wrapped in a label. Hitting the 16-by-16-pixel checkbox is noticeably harder than hitting the line of text, particularly on a touch screen.";"1. Open the form.
2. Click the text “J'ai lu et accepté les conditions générales d'utilisation de Wiregate”.
3. Check the state of the checkbox.";"The checkbox state is unchanged, and the page contains no label elements.";Clicking the text toggles the checkbox.;Wrap the checkbox and the text in a shared label.;frontend/src/components/screens/auth/AuthFields.tsx:149-162;TC-FV-081
DEF-51;Minor;Accessibility and localisation;Error messages are not programmatically associated with their fields;"The error text is rendered as a plain block after the field, without aria-describedby and without an alert role. A screen reader neither ties the error to the field nor announces its appearance, so a blind user discovers the problem only by returning to the field manually.";"1. Open the form with a screen reader running.
2. Trigger an error in any field.
3. Check the field for aria-describedby and the error block for a role.";"The fields have no aria-describedby, the error block has no alert role, and the text is never announced.";The error is tied to its field and announced when it appears.;"Give the error block an id, reference it from aria-describedby, and add role=""alert"".";frontend/src/components/ui/field/Field.tsx:58-60;TC-AX-005
DEF-52;Minor;Accessibility and localisation;Required fields are marked with nothing but a red asterisk;"Not one field carries the required attribute; the requirement is conveyed visually only. A screen reader reads the asterisk as punctuation or skips it, leaving the user unaware of which fields are mandatory.";"1. Open the form.
2. Check every field for a required attribute.
3. Listen to the fields with a screen reader.";"Zero fields carry the required attribute; the requirement is conveyed by colour and a symbol alone.";Fields are marked with required or aria-required.;Add required to the fields and keep the asterisk as a visual echo.;frontend/src/components/ui/field/Field.tsx:20;TC-AX-007
DEF-53;Minor;Accessibility and localisation;The email and phone fields are declared as plain text;"Both fields use type text instead of email and tel. On a mobile device the standard keyboard opens instead of the numeric and email ones, and the browser's built-in format check never runs. Filling the form on a phone takes noticeably longer.";"1. Open the form on a mobile device or with emulation enabled.
2. Tap the Numéro de téléphone field.
3. Tap the Votre email field.";Every text field has type text and the standard alphabetic keyboard opens.;The phone field uses type tel and the email field uses type email.;Pass the correct type to each field.;frontend/src/components/screens/auth/AuthFields.tsx:88-105;TC-FV-038 TC-FV-048
DEF-54;Minor;Frontend · field validation;The fields carry no maximum-length attribute;"Length limits exist only as validation rules, so the user can type or paste any number of characters and learns about the limit from an error message alone. When pasting a long string this reads as a refusal without a reason.";"1. Open the form.
2. Paste a string longer than 28 characters into the name field.
3. Check the fields for a maxlength attribute.";No field carries a maxlength attribute and input is not constrained.;"Input is capped at the field level, or the excess is trimmed with an explanation.";Pass maxLength to the field alongside the validation rule.;frontend/src/components/ui/field/Field.tsx:25;TC-FV-014
DEF-55;Minor;Accessibility and localisation;The document language is declared as English on a French interface;"The markup sets the language attribute to en while the entire interface is in French. A screen reader pronounces French text with English rules, and the browser's built-in translator never offers a translation.";"1. Open the form.
2. Inspect the lang attribute on the root markup element.";lang is set to en while the page content is entirely French.;lang is set to fr.;Correct the attribute and derive it from the selected locale.;frontend/public/index.html:2;TC-AX-006
DEF-56;Minor;Accessibility and localisation;Message texts inside one form are mixed across two languages;Field captions and some messages are French while the remaining error messages are English. Within a single form the user sees both “Ce champ est requis” and “First Name must be at least 4 characters”. For a French-speaking audience half the hints are unreadable.;"1. Open the form.
2. Trigger an error in the name field.
3. Trigger a format error in the phone field.
4. Compare the languages of the two messages.";The name field shows an English message while the phone field shows a French one.;Every interface text is in one language.;Translate the messages into French and move them into a localisation dictionary.;frontend/src/components/screens/auth/AuthFields.tsx:31-82;TC-AX-008
DEF-57;Minor;Frontend · layout;The tab title and favicon are still the template defaults;"The browser tab shows “React App” and the stock create-react-app icon. A user with several tabs open cannot find the right one, and in bookmarks and history the page looks like somebody else's scaffold.";"1. Open the form.
2. Look at the browser tab title and icon.";The title is “React App” and the icon is the create-react-app template logo.;The title carries the product name and the icon matches the brand.;"Replace the title, the favicon and the contents of manifest.json.";"frontend/public/index.html:27
frontend/public/favicon.ico";TC-UI-009
DEF-58;Minor;Frontend · layout;The social sign-up component is written but rendered nowhere;"The file with the Google and Facebook buttons exists in full, with the Facebook button hard-coded as disabled, yet no screen imports it. Dead code has to be carried through every refactor, and anyone reading the code goes looking for functionality that is not there.";"1. Open the form and look for the Google and Facebook buttons.
2. Count the buttons on the page.
3. Search the project for imports of the SocialMediaFields component.";"The page holds one button, S'inscrire, and the component is imported nowhere.";"Either the block is wired into the form, or the file is deleted.";Decide on the feature: wire it up or delete the file.;frontend/src/components/screens/auth/SocialMediaFields.tsx;TC-UI-006
DEF-59;Minor;Frontend · layout;The text for existing users is not a link;The bottom of the form asks “Vous avez déjà un compte?” but offers no sign-in link beside it. A registered user who lands here hits a dead end and has to find the sign-in page on their own.;"1. Open the form.
2. Scroll to the bottom of the card.
3. Click the text “Vous avez déjà un compte?”.";The text is not clickable and the form carries no link to a sign-in page.;A sign-in link sits next to the question.;"Add the link, or remove the text until a sign-in page exists.";frontend/src/components/screens/auth/AuthForm.tsx:40-42;TC-UI-007
DEF-60;Minor;Frontend · layout;The markup uses a font class Tailwind never generates;"The class font-OpenSans sits on the form card, but the Tailwind config has no font-family section, so the class is never generated. The typeface comes from a global rule in index.scss alone. The class creates a false impression of controlled typography and would survive any refactor of the global styles unnoticed.";"1. Build the frontend.
2. Search the built stylesheet for font-OpenSans.
3. Check tailwind.config.js for a fontFamily section.";font-OpenSans appears zero times in the built CSS and the config has no fontFamily section.;The class is declared in the config and sets a font family.;"Declare the family under theme.extend.fontFamily, or drop the class from the markup.";"frontend/src/components/screens/auth/AuthForm.tsx:16
frontend/tailwind.config.js:7";TC-UI-005
DEF-61;Minor;API · contract and validation;The response does not match the declared type;"The method is declared as returning ShowUserDto with four fields, yet it actually returns the saved entity together with the identifier, the consent flag and any stray fields from the request. An API consumer cannot rely on the declared contract, and the extra fields expose how the store is built.";"1. Send a valid POST /users/create.
2. Compare the fields of the response with the ShowUserDto declaration.";The response carries id and is_agree on top of the four declared fields.;The response contains exactly the fields declared in ShowUserDto.;"Assemble the response explicitly, or add ClassSerializerInterceptor with @Exclude on the hidden fields.";"backend/src/user/user.controller.ts:11
backend/src/user/dto/user.dto.ts:10-15";TC-API-013
DEF-62;Minor;API · security;The responses carry no security headers;"There is no content policy, no MIME-sniffing protection, no framing protection and no strict transport requirement. The helmet package is not installed. For a form that accepts passwords this is a baseline that is simply missing.";"1. Send any request to the API.
2. Inspect the full list of response headers.";"Content-Security-Policy, X-Content-Type-Options, X-Frame-Options and Strict-Transport-Security are all absent.";Those headers are present with helmet's default values.;Install helmet at the application entry point.;backend/src/main.ts:5-7;TC-SEC-008
DEF-63;Minor;API · security;A response header discloses the framework in use;Express adds a header naming the framework by default. That is a hint for automated scanning: knowing the stack narrows the set of vulnerabilities an attacker needs to probe.;"1. Send any request to the API.
2. Find the X-Powered-By header in the response.";X-Powered-By: Express.;The header is absent.;"Call disable('x-powered-by') on the Express instance, or install helmet.";backend/src/main.ts:5;TC-SEC-009
DEF-64;Minor;API · contract and validation;The internal JSON parser message is returned to the client;"A malformed body sends the parser's message, character position included, back to the caller. Harmless in itself, it signals that internal errors are not normalised into a single shape, and something more sensitive could leak later.";"1. Send POST /users/create with the body {oops and the header Content-Type: application/json.
2. Read the response body.";400 with the text “Unexpected token o in JSON at position 1”.;400 with a generic malformed-body message.;Add an exception filter that normalises parse errors into a single response.;backend/src/main.ts:5;TC-API-014
DEF-65;Minor;Data and database;The user record has no timestamps;"The table holds six columns and no created or updated marks. Investigating an incident, building a sign-up funnel or spotting traces of the overwrite from DEF-02 is impossible: nothing records when a row appeared or whether it changed.";"1. Start the database.
2. Run \d users and read the column list.";"The columns are id, first_name, last_name, email, phone_number, password. There is no created_at and no updated_at.";The table carries creation and modification timestamps.;Add @CreateDateColumn and @UpdateDateColumn and apply them through a migration.;backend/src/user/entity/user.entity.ts:5-21;TC-DB-004
DEF-66;Minor;Data and database;TypeORM is configured to reshape the schema automatically;"The synchronize option is on, so the schema is aligned to the entity classes on every start. Renaming a field in code silently drops the column along with its data. In production this is a direct route to data loss without a single migration.";"1. Open backend/ormconfig.ts.
2. Find the synchronize option.";synchronize: true.;synchronize is off and the schema is driven by migrations.;Turn the option off and introduce TypeORM migrations.;backend/ormconfig.ts:9;TC-DB-003
DEF-67;Minor;Data and database;Failed inserts consume identifier sequence values;"Every request that reaches the database and is rejected there still advances the counter. Harmless on its own, it indicates that invalid data passes validation and reaches the storage layer. Under a stream of bad requests the identifiers develop visible gaps.";"1. Empty the table.
2. Send two requests without the first_name field, each answering 500.
3. Create a valid user and check its identifier.";The successful record received identifier 5 instead of 3: two values were consumed by rejected inserts.;Identifiers run consecutively because invalid requests never reach the database.;Reject invalid data in validation before touching the database — see DEF-08.;backend/src/user/user.service.ts:18;TC-DB-005
DEF-68;Minor;API · contract and validation;The request body size is bounded only by the Express default;"No application-level limit exists on either layer, so the only boundary is the default hundred-kilobyte body parser. A 92-kilobyte name reaches the database successfully, because the column length is unbounded too.";"1. Send POST /users/create with a first_name of 92 kilobytes.
2. Send the same request at 204 kilobytes.
3. Check the table contents after the first request.";92 kilobytes answers 201 and the row is written. 204 kilobytes answers 413 request entity too large.;Both requests are rejected by an application-level length check.;Constrain field lengths in the DTO and set an explicit body parser limit.;backend/src/main.ts:5;TC-API-016
DEF-69;Minor;Infrastructure and build;The lint command silently rewrites source files;"The lint script has the auto-fix flag baked in, so the check does not report a problem, it edits the code. The pipeline step will never go red, while the developer sees unexplained changes in the working tree. Along the way it turns out that the committed code does not satisfy its own formatting configuration.";"1. Confirm the working tree is clean.
2. Run yarn lint in the backend directory.
3. Run git status.";"Four files changed: app.config.ts, user.dto.ts, user.controller.ts, user.service.ts. Linter output: 1 problem (0 errors, 1 warning).";The linter reports problems and leaves files untouched.;Remove the fix flag from the lint script and add a separate lint:fix script.;backend/package.json:16;TC-INF-004
DEF-70;Minor;Infrastructure and build;The database password is written directly into the run configuration;"The value is hard-coded in docker-compose and lands in the repository. Together with DEF-33, which publishes the port, and DEF-03, which stores user passwords in clear text, it completes a full compromise chain.";"1. Open docker-compose.yml.
2. Find the POSTGRES_PASSWORD variable.";"POSTGRES_PASSWORD: ""secret"" — the password sits in the repository in clear text.";The password comes from environment variables or a secret manager.;"Move the value into .env, add .env to .gitignore and ship a .env.example.";docker-compose.yml:36;TC-INF-013
DEF-71;Minor;Infrastructure and build;The backend starts without waiting for the database to be ready;"The database service has no readiness probe and the dependency is declared without a condition, so the backend container counts as started the moment the Postgres process launches. On a cold machine the backend can reach for the database before it accepts connections and crash. The defect reproduces intermittently, which makes it unpleasant to debug.";"1. Remove the local images and volumes so the start is cold.
2. Run docker compose up.
3. Read the backend container log for connection errors.";The database container has no health check and the dependency is declared without a condition.;The backend starts only once the database is accepting connections.;Add a healthcheck on pg_isready and set condition: service_healthy in depends_on.;docker-compose.yml:19-20;TC-INF-006
DEF-72;Minor;Infrastructure and build;Dependencies are installed into the mounted directory as root;"The containers run as root and install dependencies straight into the project source directory on the host. The node_modules directories, around a gigabyte in total, are owned by root, so a developer cannot delete or modify them without elevated rights. Build output is also mixed in with the sources.";"1. Start the stack with the README command.
2. Wait for the dependency installation to finish.
3. Run ls -ld backend/node_modules on the host.";The directories are owned by root:root and total about one gigabyte inside the source tree.;"The files belong to the user who started the stack, or the dependencies live in a named volume.";"Set user to the current user's id, or move node_modules into a dedicated volume.";"docker-compose.yml:15-16
docker-compose.yml:29-30";TC-INF-009
DEF-73;Minor;Infrastructure and build;The compose file uses an obsolete version key;"The version key is ignored by Compose v2 and produces a warning on every run. Noise in the output trains people to skip warnings, and something important eventually gets lost among them.";"1. Run docker compose up.
2. Read the first lines of output.";"Warning: “the attribute `version` is obsolete, it will be ignored”.";"The output is clean, with no warnings.";Delete the version line from docker-compose.yml.;docker-compose.yml:1;TC-INF-008
DEF-74;Minor;Non-functional;The frontend runs in development mode;"The configuration launches the development server, meaning no minification, source maps included and debugging tooling active. The demo stand does not reflect what a user would see: bundle size, load speed and error behaviour all differ from a production build.";"1. Open docker-compose.yml and inspect the frontend service command.
2. Open the application and check for source maps in the developer tools.";react-scripts start is used — a development server with source maps and no minification.;A production build is produced and served as static files for the demo.;Add a separate service or build stage that serves the output of react-scripts build.;docker-compose.yml:24;TC-NFR-002
DEF-75;Minor;API · security;Ownership of the email address is never confirmed;"The account is created immediately and no confirmation email is sent. Someone else's address can be registered, and together with DEF-09, which permits duplicates, and DEF-22, which imposes no rate limit, the database quickly fills with records for addresses their owners do not control.";"1. Register an address that is knowingly not yours.
2. Check whether a row appeared in the table.
3. Check whether a confirmation email is sent.";The record is created at once and no confirmation is requested.;The account stays inactive until the link in the email is followed.;Introduce address confirmation through a one-time link and store a confirmed flag on the record.;backend/src/user/user.service.ts:16-24;TC-SEC-012
DEF-76;Minor;Frontend · field validation;Email validation lets through domains that cannot exist;"The expression permits a domain beginning with a hyphen and an address with a bracketed IP literal. Both are meaningless in an ordinary consumer form and mean the address was mistyped, which the user discovers only by never receiving an email.";"1. Type a@-b.co into the email field.
2. Type a@[127.0.0.1].
3. Send the same values to the API.";"Both values are accepted by the form and by the server, answering 201.";Both values are rejected as malformed.;Use a vetted email validation library instead of a hand-written expression.;"frontend/src/shared/regex.ts:1
backend/src/config/regex.config.ts:4";TC-FV-043 TC-FV-044
DEF-77;Minor;Infrastructure and build;The environment variables are documented nowhere;"The repository holds neither a sample environment file nor a README section, although the application reads six variables. Deploying outside Docker or pointing the app at another database requires reading the variable names out of docker-compose and the sources.";"1. Clone the repository.
2. Look for a .env.example file.
3. Read the README for a description of the environment variables.";"There is no sample file, and the README contains only the start command with no variable documentation.";The repository ships a .env.example listing every variable and its purpose.;Add .env.example and an environment section to the README.;README.md;TC-INF-011
DEF-78;Minor;API · security;The password travels between the frontend and the API unencrypted;"The API address uses the http scheme, so the password crosses the network in clear text. On a local machine this is harmless, but nothing in the default configuration prevents the same stand from being deployed beyond localhost as is.";"1. Open docker-compose.yml and inspect the REACT_APP_API_URL value.
2. Submit the form and check the request scheme in the network panel.";The address is http://localhost:8000 and the request carrying the password goes over http.;"The exchange runs over https, with local development explicitly carved out.";Configure TLS for non-local environments and enable strict transport through helmet.;docker-compose.yml:27-28;TC-SEC-010
