ID;Критичность;Область;Заголовок;Описание и влияние;Шаги воспроизведения;Фактический результат;Ожидаемый результат;Как починить;Локализация по коду;Покрывающие кейсы
DEF-01;Критический;Фронтенд · логика формы;"Экран успеха показывается независимо от того, прошла регистрация или нет";"Обработчик отправки не ждёт ответ сервера и не обрабатывает ошибку: вызов сервиса и переход на экран благодарности стоят подряд. Пользователь уверен, что зарегистрирован, а учётной записи не существует. Дефект маскирует все остальные отказы регистрации, поэтому починить его нужно раньше остальных.";"1. Открыть форму регистрации.
2. Заполнить все поля валидными значениями, в оба поля пароля ввести password1.
3. Поставить галочку согласия и нажать S'inscrire.
4. Открыть панель сети и посмотреть ответ на POST /users/create.
5. Выполнить select count(*) from users в базе.";"Сервер вернул 400 Bad Request, в консоли Uncaught (in promise) AxiosError, в таблице users ноль строк. На экране «Thank you for subscription!».";"Пользователь остаётся на форме, видит сообщение об ошибке и может исправить данные.";"Дождаться промис через await, переход на /success выполнять только в ветке успеха, ошибку показывать в форме. То же поведение воспроизводится при полностью остановленном бэкенде: ERR_CONNECTION_REFUSED, экран успеха.";frontend/src/components/screens/auth/Auth.tsx:38-39;TC-FF-001 TC-FF-002 TC-FF-011 TC-E2E-002 TC-E2E-005
DEF-02;Критический;API · безопасность;Поле id в теле запроса перезаписывает существующего пользователя;"Метод save() у TypeORM выполняет upsert: если в переданном объекте есть первичный ключ, вместо вставки происходит обновление найденной строки. Тело запроса ничем не фильтруется, поэтому неаутентифицированный запрос молча заменяет данные любого пользователя. Это потеря данных и подмена учётной записи одной командой.";"1. Создать пользователя обычным запросом и запомнить его id, например 2.
2. Отправить POST /users/create с телом, в которое добавлено поле ""id"": 2 и другие имя, почта, телефон.
3. Прочитать строку с id = 2 в таблице users.";"Ответ 201 Created, при этом строка не создана, а перезаписана: было Jean / a@b.co, стало ATTACKER / attacker@evil.co.";"Поле id из тела запроса игнорируется, создаётся новая строка, существующие данные не меняются.";"Включить глобальный ValidationPipe с whitelist и forbidNonWhitelisted, а вместо save() использовать insert() или собирать сущность явно из разрешённых полей.";backend/src/user/user.service.ts:18;TC-SEC-001
DEF-03;Критический;Данные и БД;Пароль сохраняется в базе открытым текстом;"Пароль записывается в колонку как есть, без хеширования. Любой дамп, резервная копия или доступ к порту базы раскрывает пароли всех пользователей сразу. Люди переиспользуют пароли, поэтому ущерб выходит далеко за пределы этого сервиса.";"1. Зарегистрировать пользователя с паролем Abcdef1!.
2. Выполнить select email, password from users.";В колонке password хранится строка Abcdef1! в исходном виде.;"Хранится необратимый хеш, по которому восстановить пароль невозможно.";"Хешировать пароль через bcrypt или argon2id перед сохранением, колонку переименовать в password_hash, существующие значения считать скомпрометированными.";"backend/src/user/user.service.ts:18
backend/src/user/entity/user.entity.ts:20";TC-SEC-002 TC-E2E-001
DEF-04;Критический;API · безопасность;Пароль печатается в журнал приложения открытым текстом;"Контроллер выводит тело запроса целиком, включая пароль. Журнал контейнера попадает в любую систему сбора логов, где к нему имеет доступ гораздо более широкий круг людей, чем к базе. В связке с DEF-30 это работает в любом окружении, поднятом по инструкции из README.";"1. Убедиться, что переменная DEBUG равна true, как задано по умолчанию.
2. Отправить регистрацию с паролем LogLeak9!.
3. Выполнить docker logs для контейнера бэкенда и найти строку password.";В журнале напечатано тело запроса целиком: password: 'LogLeak9!' рядом с почтой и телефоном.;Пароль не попадает в журнал ни при каких значениях переменных окружения.;Маскировать пароль перед выводом либо логировать только идентификатор запроса и код ответа.;backend/src/user/user.controller.ts:13;TC-SEC-003
DEF-05;Критический;Сквозные сценарии;Требования к паролю на клиенте и на сервере описаны разными правилами;"Два независимых регулярных выражения задают разные требования. Клиент требует букву и цифру, сервер — заглавную, строчную, цифру и спецсимвол. Наборы допустимых спецсимволов тоже не совпадают. В сочетании с DEF-01 это даёт молчаливую потерю регистрации на самом обычном пароле.";"1. Ввести в форму пароль password1 и убедиться, что форма его принимает.
2. Отправить тот же пароль напрямую в POST /users/create.
3. Отправить в API пароль Abcdef1^.
4. Ввести Abcdef1^ в форму.";"password1: форма принимает, API отвечает 400 «ERROR: invalid password». Abcdef1^: API отвечает 201, форма отклоняет.";Одно и то же значение принимается или отклоняется одинаково на обоих слоях.;"Вынести правило в общий модуль и использовать его и в форме, и в DTO сервера; текст сообщения выводить из того же правила.";"frontend/src/shared/regex.ts:4
backend/src/config/regex.config.ts:2";TC-FV-052 TC-FV-054
DEF-06;Критический;Инфраструктура и сборка;Проект не поднимается командой из README;"Версии зависимостей не зафиксированы, поэтому при установке подтягиваются актуальные на сегодня. Две из них требуют Node 20, тогда как в docker-compose зафиксирован Node 18. Установка падает, и приложение не стартует вообще. Для проверяющего это означает, что задание невозможно запустить без правки файлов.";"1. Склонировать репозиторий в чистый каталог.
2. Выполнить docker compose up в корне проекта.
3. Прочитать вывод контейнеров backend и frontend.";"Оба контейнера падают на установке зависимостей: «@nestjs/mapped-types@12.0.0: The engine ""node"" is incompatible with this module. Expected version "">=20.19.0"". Got ""18.20.8""» и такая же ошибка для sass@1.104.0.";"docker compose up поднимает приложение, оно доступно на порту 3000.";"Закоммитить lock-файлы, зафиксировать @nestjs/mapped-types и sass совместимыми версиями либо поднять образ Node до поддерживаемого. Причина описана в DEF-28.";"backend/package.json:26
frontend/package.json:21
.gitignore:2";TC-INF-001
DEF-07;Существенный;Фронтенд · валидация полей;Нажатие Backspace в поле телефона навсегда отключает проверку минимальной длины;"Обработчик нажатия клавиши выставляет минимальную длину в ноль при любом Backspace и никогда не возвращает прежнее значение. Достаточно один раз стереть символ, чтобы форма приняла телефон из одной цифры. Рядом в коде оставлен отладочный вывод console.log('delete').";"1. Открыть форму заново.
2. Ввести в поле Numéro de téléphone две цифры и убедиться, что появилась ошибка «Phone Number must be at least 8 characters».
3. Нажать Backspace один раз.
4. Ввести ещё одну цифру.";"В поле значение 121, ошибка минимальной длины исчезла. Проверка не восстанавливается до перезагрузки страницы.";"Ошибка минимальной длины сохраняется, пока в поле меньше восьми цифр.";"Удалить обработчик onKeyDown и состояние minLength, задать минимальную длину константой. Заодно убрать отладочный вывод.";"frontend/src/components/screens/auth/AuthFields.tsx:20-23
frontend/src/components/screens/auth/AuthFields.tsx:72";TC-FV-033 TC-E2E-003
DEF-08;Существенный;API · контракт и валидация;Отсутствие имени или фамилии в теле запроса приводит к HTTP 500;"Проверка на пустоту перебирает ключи присланного объекта, поэтому поля, которых в теле нет, она не видит. Отдельных проверок для имени и фамилии тоже нет. Запрос доходит до вставки и падает на ограничении NOT NULL, а клиент получает «Internal server error» вместо понятного описания проблемы.";"1. Отправить POST /users/create с валидными фамилией, почтой, телефоном, паролем и согласием, но без ключа first_name.
2. Повторить запрос, убрав вместо этого last_name.";"Оба запроса отвечают 500 с телом {""statusCode"":500,""message"":""Internal server error""}.";"400 с указанием, какое именно поле отсутствует.";"Подключить class-validator и глобальный ValidationPipe, пометить каждое поле DTO как обязательное.";backend/src/user/user.service.ts:34-41;TC-API-002 TC-API-003 TC-API-006 TC-API-015
DEF-09;Существенный;Данные и БД;Адрес почты не уникален — один адрес регистрируется многократно;"В схеме нет уникального индекса, а в сервисе нет проверки на существующего пользователя. Дубликаты делают невозможными вход и восстановление пароля: по адресу нельзя однозначно найти учётную запись.";"1. Отправить регистрацию на адрес dup@example.com.
2. Отправить точно такой же запрос второй раз.
3. Выполнить select id, email from users where email = 'dup@example.com'.";"Оба запроса отвечают 201, в таблице две строки с одинаковым адресом.";Второй запрос отклонён с кодом 409 и сообщением о занятом адресе.;"Объявить колонку как @Column({unique: true}), обработать нарушение ограничения и вернуть 409. Адрес приводить к нижнему регистру перед сохранением.";backend/src/user/entity/user.entity.ts:14;TC-FV-047 TC-DB-001 TC-DB-007 TC-E2E-008
DEF-10;Существенный;Фронтенд · логика формы;Нет защиты от повторной отправки формы;"Кнопка не блокируется на время запроса, состояния отправки нет. Каждый клик создаёт отдельный запрос, а сервер дубликаты не отсекает, потому что уникальности адреса тоже нет. Пользователь, кликнувший дважды из-за задержки, получает две учётные записи.";"1. Очистить таблицу users.
2. Заполнить форму валидными значениями.
3. Быстро нажать кнопку S'inscrire три раза подряд.
4. Выполнить select id, email from users.";"Отправлено три запроса, все ответили 201, в таблице три идентичные строки.";Создана ровно одна запись независимо от числа нажатий.;Блокировать кнопку по formState.isSubmitting на время запроса и добавить уникальный индекс на адрес почты.;frontend/src/components/screens/auth/Auth.tsx:38;TC-FF-003 TC-FF-004 TC-E2E-004
DEF-11;Существенный;Фронтенд · валидация полей;Имя с диакритикой отклоняется на французской форме;"Регулярное выражение допускает только буквы латинского алфавита без надстрочных знаков, пробел, запятую, точку, апостроф и дефис. Интерфейс формы полностью французский, но François, Amélie и Noëlle зарегистрироваться не могут. Для целевой аудитории это прямой отказ в обслуживании. Сервер те же значения принимает, то есть слои расходятся.";"1. Открыть форму.
2. Ввести François в поле Votre prenom.
3. Ввести Amélie.
4. Отправить François напрямую в POST /users/create.";Форма отвечает «Please enter a valid first name» на оба имени. API на то же имя отвечает 201 и сохраняет его.;Имена с диакритикой принимаются обоими слоями.;"Перейти на свойства Unicode: /^[\p{L}\p{M} ,.'-]+$/u, и продублировать то же правило в DTO сервера.";frontend/src/shared/regex.ts:8;TC-FV-007 TC-FV-008 TC-FV-046 TC-E2E-007
DEF-12;Существенный;Фронтенд · валидация полей;Поле телефона принимает только непрерывные цифры;"И международный формат +33 6 12 34 56 78, и национальный 06 12 34 56 78 содержат плюс и пробелы, поэтому отклоняются. Это два способа записи, которыми во Франции пользуются по умолчанию. Пользователь вынужден догадываться, что нужно стереть разделители.";"1. Открыть форму.
2. Ввести +33612345678 в поле Numéro de téléphone.
3. Ввести 06 12 34 56 78.";"Оба значения отклонены. Текст ошибки при этом говорит «Ce champ est requis», хотя поле заполнено — см. DEF-39.";Значение нормализуется перед проверкой: разделители и код страны принимаются.;"Убирать из значения всё, кроме цифр и ведущего плюса, перед проверкой, либо использовать libphonenumber.";frontend/src/shared/regex.ts:6;TC-FV-034 TC-FV-035
DEF-13;Существенный;Фронтенд · валидация полей;Максимальная длина имени зависит от строки user agent;"В правиле записано условие по подстроке Chrome в user agent: в Chrome лимит 28 символов, в остальных браузерах 40. Текст ошибки в обоих случаях говорит про 28. Одни и те же данные ведут себя по-разному у разных пользователей, а воспроизвести жалобу без знания браузера невозможно.";"1. Открыть форму в Chrome и ввести имя из 30 латинских букв.
2. Открыть ту же форму в браузере, у которого в user agent нет подстроки Chrome, например Firefox.
3. Ввести те же 30 символов.";Chrome отклоняет значение с сообщением «First Name must be less than 28 characters». Firefox то же значение принимает.;Лимит одинаков во всех браузерах и совпадает с текстом сообщения.;"Убрать ветвление по user agent, вынести лимит в константу и продублировать проверку на сервере.";frontend/src/components/screens/auth/AuthFields.tsx:37;TC-FV-006 TC-FV-022
DEF-14;Существенный;Фронтенд · вёрстка;Поле фамилии с жёсткой минимальной шириной ломает вёрстку на мобильном;На поле проставлен инлайновый стиль min-width 400px. На экране шириной 375 пикселей поле шире вьюпорта и выходит за левую границу карточки поверх фона. Форма выглядит сломанной на самом массовом классе устройств.;"1. Открыть форму.
2. Установить ширину окна 375 пикселей или включить эмуляцию мобильного устройства.
3. Осмотреть поле Votre nom.";"Ширина поля 400 пикселей при ширине соседних полей 275. Левый край поля находится за пределами экрана, правый — на отметке 325 пикселей.";Все поля формы имеют одинаковую ширину и помещаются в карточку.;Удалить инлайновый стиль minWidth.;frontend/src/components/screens/auth/AuthFields.tsx:66;TC-UI-001
DEF-15;Существенный;API · контракт и валидация;Сервер не ограничивает длину имени и фамилии;"Серверная валидация покрывает согласие, телефон, пароль и почту. Для имени и фамилии нет ни проверки длины, ни проверки набора символов. В сочетании с DEF-27 в базу попадает строка произвольного размера, ограниченная только лимитом тела запроса.";"1. Отправить POST /users/create, где first_name состоит из 10 000 символов A.
2. Прочитать сохранённую строку в таблице.";"Ответ 201, значение записано целиком, все 10 000 символов.";400 с указанием допустимой длины.;Задать @Length в DTO и ограничить длину колонки в схеме.;backend/src/user/user.service.ts:26-70;TC-FV-013 TC-API-019
DEF-16;Существенный;API · контракт и валидация;Сервер не ограничивает длину телефона;"Серверное правило проверяет только то, что строка состоит из цифр. Ни минимальной, ни максимальной длины нет, поэтому номер из одной цифры сохраняется. Клиентские границы 8 и 16 существуют только в форме и обходятся прямым запросом к API или дефектом DEF-07.";"1. Отправить POST /users/create со значением phone_number равным 7.
2. Прочитать сохранённую строку.";"Ответ 201, в базе телефон 7 длиной один символ.";400: номер короче минимально допустимой длины.;Перенести границы длины в DTO сервера и держать их согласованными с формой.;backend/src/config/regex.config.ts:3;TC-FV-036 TC-API-022
DEF-17;Существенный;API · контракт и валидация;На сервере нет верхней границы длины пароля;"Серверное выражение заканчивается квантификатором без верхнего предела, поэтому длина пароля ограничена только размером тела запроса. Клиент при этом ограничивает пароль 28 символами. Помимо расхождения слоёв это создаёт нагрузку на будущий алгоритм хеширования.";"1. Отправить POST /users/create с паролем длиной 1000 символов, удовлетворяющим серверному правилу.
2. Посмотреть код ответа.";"Ответ 201, пароль сохранён целиком.";400: пароль длиннее допустимых 28 символов.;Добавить верхнюю границу в серверное правило и держать её равной клиентской.;backend/src/config/regex.config.ts:2;TC-FV-051 TC-API-021
DEF-18;Существенный;API · контракт и валидация;Посторонние поля в теле запроса принимаются и возвращаются в ответе;"Глобального ValidationPipe нет, DTO объявлены как обычные классы без декораторов, поэтому тело не фильтруется. Любое лишнее поле проходит через сервис и попадает в ответ. Это же отсутствие фильтрации делает возможным DEF-02.";"1. Отправить POST /users/create, добавив в тело поле ""role"": ""admin"".
2. Прочитать тело ответа.";"Ответ 201, в теле ответа присутствует {""role"":""admin"", ...}.";Поле отброшено либо запрос отклонён с кодом 400.;"app.useGlobalPipes(new ValidationPipe({whitelist: true, forbidNonWhitelisted: true})) и декораторы class-validator на каждом поле DTO.";"backend/src/main.ts:6
backend/src/user/dto/user.dto.ts";TC-API-012
DEF-19;Существенный;API · контракт и валидация;Согласие с условиями принимается любым истинным значением;"Проверка сравнивает поле на истинность, а не на равенство true. Строка «false» в JavaScript истинна, поэтому она засчитывается как согласие. Поле юридически значимое: это подтверждение принятия условий использования, и его фактически никто не проверяет.";"1. Отправить POST /users/create со значением ""is_agree"": ""false"".
2. Повторить запрос со значением ""is_agree"": 1.
3. Повторить со значением ""is_agree"": ""нет"".";Все три запроса отвечают 201 и создают пользователя.;"400 на любое значение, кроме булева true.";Декоратор @IsBoolean в DTO и строгое сравнение на равенство true.;backend/src/user/user.service.ts:27;TC-API-007 TC-API-008
DEF-20;Существенный;API · контракт и валидация;Типы значений в теле запроса не проверяются;"Поля DTO объявлены как строки, но без декораторов проверки, поэтому в них попадает что угодно. Число и массив доходят до слоя данных и приводятся к строке уже при записи, из-за чего в базе оказываются значения вида {""a"",""b""}.";"1. Отправить POST /users/create со значением ""first_name"": 12345.
2. Повторить со значением ""first_name"": [""a"",""b""].
3. Прочитать сохранённые строки.";"Оба запроса отвечают 201. В базе сохранены строки 12345 и {""a"",""b""}.";400: поле должно быть строкой.;@IsString и @IsNotEmpty на строковых полях DTO.;backend/src/user/dto/user.dto.ts;TC-API-009 TC-API-010 TC-API-011
DEF-21;Существенный;Инфраструктура и сборка;"Том базы смонтирован в каталог, которым Postgres не пользуется";"Том dbdata смонтирован в /var/lib/mysql, а Postgres хранит данные в /var/lib/postgresql/data. Реальные данные лежат в записываемом слое контейнера и уничтожаются командой docker compose down. Все зарегистрированные пользователи исчезают без предупреждения, а сам том всегда остаётся пустым.";"1. Зарегистрировать пользователя и убедиться, что строка появилась в таблице.
2. Выполнить docker compose down.
3. Выполнить docker compose up -d.
4. Прочитать таблицу users.";"Таблица пуста. В контейнере /var/lib/postgresql/data занимает 40 МБ, а смонтированный /var/lib/mysql не содержит ни одного файла.";После перезапуска стека зарегистрированные пользователи остаются на месте.;Монтировать том в /var/lib/postgresql/data.;docker-compose.yml:39;TC-DB-006 TC-E2E-006
DEF-22;Существенный;API · безопасность;Регистрация не ограничена по частоте запросов;"Эндпоинт открыт, ограничителя частоты нет, подтверждения адреса и капчи тоже. Таблицу можно наполнить произвольным объёмом записей за секунды, а когда появится отправка писем, сервис станет инструментом рассылки по чужим адресам.";"1. Отправить шестьдесят запросов POST /users/create подряд с разными адресами.
2. Посмотреть коды ответов и затраченное время.";"Шестьдесят ответов 201 за 0,94 секунды, ни одного отказа.";После нескольких запросов подряд сервис отвечает 429 Too Many Requests.;Подключить @nestjs/throttler на эндпоинт и добавить капчу на форму.;backend/src/user/user.controller.ts:10;TC-SEC-004 TC-NFR-001
DEF-23;Существенный;API · контракт и валидация;Контроллер корневого маршрута не подключён к модулю приложения;"AppController и AppService существуют и возвращают строку «Service is working!», но в списке контроллеров модуля их нет. Маршрут GET / не зарегистрирован, поэтому проверка живости сервиса невозможна, а штатный e2e-тест проекта проверяет именно его.";"1. Поднять бэкенд.
2. Выполнить GET на корневой адрес сервиса.";Ответ 404 Not Found.;"200 с телом «Service is working!», как заявлено в коде и в тесте test/app.e2e-spec.ts.";Добавить AppController в controllers и AppService в providers модуля.;"backend/src/app.module.ts:8
backend/src/app.controller.ts:8";TC-API-017
DEF-24;Существенный;Инфраструктура и сборка;Штатный e2e-тест не запускается из-за неразрешимого импорта;"Сервис импортирует модуль по пути src/config/regex.config, который разрешается за счёт baseUrl при сборке Nest, но не настроен в конфигурации Jest для e2e. Набор падает на этапе разрешения модулей, ни один тест не выполняется, и команда завершается ошибкой.";"1. Установить зависимости бэкенда.
2. Выполнить yarn test:e2e.";"Cannot find module 'src/config/regex.config' from 'user/user.service.ts'. Test Suites: 1 failed, Tests: 0 total.";Тест выполняется и сообщает о результате проверки.;"Добавить moduleNameMapper или modulePaths в test/jest-e2e.json, либо заменить импорт на относительный путь.";"backend/test/jest-e2e.json
backend/src/user/user.service.ts:3";TC-INF-003
DEF-25;Существенный;Инфраструктура и сборка;"Команда запуска юнит-тестов завершается ошибкой, потому что тестов нет";"Ни одного файла со спецификациями в проекте нет, при этом Jest настроен считать отсутствие совпадений ошибкой. В конвейере сборки шаг тестирования будет красным всегда, и отличить «тестов нет» от «тесты упали» по коду возврата невозможно.";"1. Установить зависимости бэкенда.
2. Выполнить yarn test.";"testRegex: .*\.spec\.ts$ — 0 matches, команда завершается с кодом 1.";"Тесты есть и проходят, либо шаг явно помечен как пропущенный.";"Добавить юнит-тесты хотя бы на UserService.validateData, где сосредоточена вся бизнес-логика.";backend/package.json:17;TC-INF-002
DEF-26;Существенный;Доступность и локализация;Ни одно поле формы не имеет доступного имени;"Подписи полей нарисованы отдельными блоками рядом с полями и ничем с ними не связаны. На странице нет ни одного элемента label, ни одного идентификатора и ни одного атрибута aria-label. Свойство placeholder компонент забирает себе для отрисовки подписи, поэтому у самих полей его тоже нет. Пользователь программы экранного доступа слышит семь безымянных полей ввода подряд.";"1. Открыть форму.
2. Выполнить document.querySelectorAll('label').length в консоли.
3. Проверить у полей наличие id, aria-label и placeholder.
4. Пройти форму со включённой программой экранного доступа.";"Элементов label на странице 0, полей с id 0, с aria-label 0, с атрибутом placeholder 0. Программа объявляет поля без названий.";"У каждого поля есть доступное имя, совпадающее с видимой подписью.";"Обернуть подпись в label с атрибутом for и выдать полям идентификаторы, либо передавать aria-label.";frontend/src/components/ui/field/Field.tsx:17-21;TC-AX-001
DEF-27;Существенный;Данные и БД;Текстовые колонки объявлены без ограничения длины;"Все пять текстовых колонок имеют тип character varying без указания длины, то есть принимают строку любого размера. Вместе с DEF-15 это означает, что размер записи ограничен только лимитом тела HTTP-запроса, и одна регистрация может занять в базе десятки килобайт.";"1. Поднять базу.
2. Выполнить \d users в psql.
3. Посмотреть столбец character_maximum_length в information_schema.columns.";"Пять колонок типа character varying, у всех character_maximum_length равно NULL.";У каждой текстовой колонки задана разумная максимальная длина.;Указать length в декораторах @Column и применить изменение миграцией.;backend/src/user/entity/user.entity.ts:8-20;TC-DB-002
DEF-28;Существенный;Инфраструктура и сборка;Lock-файлы исключены из репозитория;"Файл yarn.lock перечислен в .gitignore, поэтому дерево зависимостей пересчитывается при каждой установке. Сборка перестаёт быть воспроизводимой: у двух разработчиков и в конвейере окажутся разные версии, а со временем проект ломается сам собой. Именно это и произошло, см. DEF-06.";"1. Открыть файл .gitignore в корне репозитория.
2. Найти строку yarn.lock.
3. Выполнить установку зависимостей дважды с интервалом и сравнить версии.";"yarn.lock перечислен в .gitignore, в репозитории lock-файлов нет.";"Lock-файлы закоммичены, установка воспроизводима.";Убрать yarn.lock из .gitignore и закоммитить его для обоих пакетов.;.gitignore:2;TC-INF-012
DEF-29;Существенный;API · безопасность;Разметка сохраняется в базу без экранирования и без отклонения;"Значение с тегом script записывается дословно. Прямой эксплуатации сейчас нет, потому что эндпоинта чтения данных не существует, но первый же экран администратора или письмо с именем пользователя превратят это в хранимый межсайтовый скриптинг. Дефект отложенный, и чинить его дешевле сейчас.";"1. Отправить POST /users/create, где first_name содержит тег script с вызовом alert.
2. Прочитать сохранённое значение из базы.";"Ответ 201, значение сохранено дословно вместе с угловыми скобками.";Значение отклонено проверкой набора символов либо экранировано при сохранении.;Ограничить набор допустимых символов в DTO и экранировать значения при любом выводе.;backend/src/user/user.service.ts:18;TC-SEC-007
DEF-30;Существенный;Инфраструктура и сборка;Отладочный вывод включён по умолчанию в конфигурации запуска;"Переменная DEBUG имеет значение по умолчанию true прямо в docker-compose. Это означает, что любое окружение, поднятое по инструкции из README, печатает тела запросов вместе с паролями. Дефект превращает DEF-04 из потенциальной проблемы в фактическую.";"1. Открыть docker-compose.yml и найти строку с переменной DEBUG.
2. Поднять стек командой из README, не задавая переменных окружения.
3. Отправить регистрацию и посмотреть журнал контейнера.";"DEBUG: ${DEBUG:-true} — значение по умолчанию true, тела запросов печатаются.";"Значение по умолчанию false, отладочный вывод включается явно.";Поменять значение по умолчанию на false и вынести переменные в .env.;"docker-compose.yml:14
backend/src/config/app.config.ts:6";TC-INF-010
DEF-31;Существенный;API · безопасность;Общий доступ между источниками разрешён любому сайту;"Вызов enableCors без параметров отдаёт заголовок со звёздочкой, то есть регистрацию может отправить любая страница в интернете от имени открывшего её посетителя. При отсутствии капчи и ограничения частоты это готовый канал для накрутки регистраций.";"1. Отправить OPTIONS на /users/create с заголовком Origin: https://evil.example.
2. Отправить туда же POST с тем же заголовком Origin.
3. Посмотреть заголовок Access-Control-Allow-Origin в ответах.";"Предварительный запрос отвечает 204, основной — 201, в обоих ответах Access-Control-Allow-Origin: *.";Разрешён только адрес собственного фронтенда.;Передать в enableCors список разрешённых источников из конфигурации.;backend/src/main.ts:6;TC-SEC-005
DEF-32;Существенный;Фронтенд · логика формы;У HTTP-клиента не задан таймаут;"Экземпляр axios создан без параметра timeout, то есть запрос к недоступному, но принимающему соединение серверу висит до таймаута операционной системы. Само по себе это приводит к зависшему запросу, а вместе с DEF-01 пользователь уже находится на экране успеха и о происходящем не узнаёт.";"1. Открыть конфигурацию axios в frontend/src/api/interceptors.ts.
2. Убедиться, что параметр timeout не задан.
3. Отправить форму на адрес, который принимает соединение, но не отвечает.";"Параметр timeout отсутствует, запрос остаётся в состоянии pending неограниченно долго.";"Запрос прерывается через разумный интервал, пользователь видит сообщение о таймауте.";Задать timeout в конфигурации экземпляра axios и обработать код ошибки ECONNABORTED.;frontend/src/api/interceptors.ts:5;TC-FF-009
DEF-33;Существенный;Инфраструктура и сборка;Порт базы данных опубликован на всех сетевых интерфейсах;"Порт 5432 проброшен на 0.0.0.0, то есть база доступна из локальной сети. Вместе с паролем из DEF-70 и хранением паролей открытым текстом из DEF-03 это означает, что в любой недоверенной сети чужой человек читает пароли всех пользователей. Приложению доступ снаружи не нужен: сервисы общаются по внутренней сети Docker.";"1. Поднять стек.
2. Выполнить docker compose ps и посмотреть колонку с портами.
3. Попробовать подключиться к порту 5432 с другой машины в той же сети.";0.0.0.0:5432->5432/tcp — база принимает подключения с любого адреса.;Порт базы не публикуется наружу вовсе либо привязан к 127.0.0.1.;"Убрать проброс порта у сервиса db; для отладки использовать привязку 127.0.0.1:5432:5432.";docker-compose.yml:40-42;TC-SEC-011 TC-INF-007
DEF-34;Незначительный;Фронтенд · валидация полей;"Текст ошибки пароля описывает правило, которого нет";"Сообщение требует заглавную букву, строчную и цифру, а выражение проверяет только наличие любой буквы и цифры. О требовании спецсимвола, которое есть на сервере, не сказано вовсе. Пользователь подбирает пароль по неверной подсказке и получает отказ уже от сервера.";"1. Ввести в поле пароля значение password1 — заглавных букв нет.
2. Ввести значение из 27 заглавных букв и цифры — строчных нет.
3. Прочитать текст ошибки, который показывается при невалидном пароле.";"Оба значения приняты формой, хотя сообщение гласит «Minimum eight characters, at least one uppercase letter, one lowercase letter and one number».";"Текст сообщения в точности описывает применяемое правило, включая требование спецсимвола.";"Сформировать текст из общего правила, введённого при исправлении DEF-05.";"frontend/src/components/screens/auth/AuthFields.tsx:116-119
frontend/src/shared/regex.ts:4";TC-FV-053 TC-FV-055 TC-FV-056 TC-FV-057 TC-FV-059 TC-FV-072
DEF-35;Незначительный;Фронтенд · валидация полей;Сообщения о максимальной длине смещены на единицу;"Формулировка «меньше чем N» используется там, где значение ровно N разрешено. Ошибка повторяется в четырёх полях: имя, фамилия, телефон и оба поля пароля. Мелочь, но она систематически сбивает при подборе граничных значений и выглядит как невнимательность.";"1. Ввести в поле имени ровно 28 символов.
2. Ввести 29 символов и прочитать текст ошибки.
3. Повторить для телефона: 16 и 17 цифр.";"28 символов принято, при 29 показано «First Name must be less than 28 characters». 16 цифр принято, при 17 показано «Phone Number must be less than 16 characters».";Текст соответствует границе: «не более 28 символов».;Заменить формулировку во всех четырёх полях.;"frontend/src/components/screens/auth/AuthFields.tsx:36-39
frontend/src/components/screens/auth/AuthFields.tsx:75-78";TC-FV-004 TC-FV-021 TC-FV-032
DEF-36;Незначительный;Фронтенд · валидация полей;Ошибка поля фамилии сообщает об имени;"В правило поля Votre nom скопировано сообщение из поля имени. Пользователь, увидев ошибку, ищет проблему не в том поле формы.";"1. Открыть форму.
2. Ввести в поле Votre nom значение с недопустимым символом, например François.
3. Прочитать текст ошибки под полем.";Показано «Please enter a valid first name» под полем фамилии.;Сообщение относится к фамилии.;Исправить текст на last name.;frontend/src/components/screens/auth/AuthFields.tsx:59-62;TC-FV-020
DEF-37;Незначительный;Фронтенд · валидация полей;Минимальная длина имени в четыре символа отсекает реальные имена;"Luc, Ali, Bo, Ève — обычные имена длиной два-три символа, в том числе распространённые во Франции. Требование четырёх символов не следует ни из предметной области, ни из ограничений базы, и просто отказывает части пользователей.";"1. Открыть форму.
2. Ввести Luc в поле Votre prenom.";"Показано «First Name must be at least 4 characters», значение отклонено.";Имя из двух-трёх символов принимается.;Снизить минимальную длину до одного символа и оставить проверку набора символов.;frontend/src/components/screens/auth/AuthFields.tsx:32-35;TC-FV-002
DEF-38;Незначительный;Фронтенд · вёрстка;Опечатка в подписи поля подтверждения пароля;"Написано «Confirmez vorte mot de passe» вместо «votre». Опечатка видна на первом экране и бьёт по восприятию качества продукта раньше, чем пользователь дойдёт до функциональности.";"1. Открыть форму.
2. Прочитать подпись шестого поля.";Подпись гласит «Confirmez vorte mot de passe».;Подпись гласит «Confirmez votre mot de passe».;Исправить строку и вынести все тексты интерфейса в словарь локализации.;frontend/src/components/screens/auth/AuthFields.tsx:144;TC-UI-008
DEF-39;Незначительный;Фронтенд · валидация полей;"Ошибка формата телефона сообщает, что поле обязательно";"В правиле проверки формата указан текст «Ce champ est requis», то есть «поле обязательно». Пользователь видит его при заполненном поле и не понимает, что именно исправлять. Это прямое следствие копирования текста из правила обязательности.";"1. Открыть форму.
2. Ввести +33612345678 в поле Numéro de téléphone.
3. Прочитать текст ошибки.";Показано «Ce champ est requis» при заполненном поле.;Сообщение описывает требуемый формат номера.;"Заменить текст на описание формата, например «Entrez un numéro à 8–16 chiffres».";frontend/src/components/screens/auth/AuthFields.tsx:79-82;TC-FV-039
DEF-40;Незначительный;Фронтенд · валидация полей;Значения полей не обрезаются по краям перед отправкой;"Пробелы в начале и конце сохраняются в базу как есть. Адрес почты, скопированный с пробелом на конце — самый частый сценарий вставки из буфера, — вместо обрезки получает отказ по формату, и пользователь не видит причины.";"1. Ввести в поле имени значение с пробелами по краям.
2. Вставить в поле почты адрес с пробелом на конце.
3. Отправить форму и прочитать сохранённое значение имени.";Имя сохранено вместе с пробелами. Адрес с пробелом на конце отклонён с сообщением о неверном формате.;Значения обрезаются перед проверкой и перед отправкой.;Включить setValueAs или общий обработчик trim на всех текстовых полях.;frontend/src/components/screens/auth/Auth.tsx:23-36;TC-FV-012 TC-FV-045
DEF-41;Незначительный;API · контракт и валидация;Проверка на пустоту пропускает строку из одних пробелов;"Проверка сравнивает значение на истинность, а строка из пробелов истинна. Поэтому имя из четырёх пробелов проходит и клиентскую проверку набора символов, и серверную проверку на пустоту, и оказывается в базе.";"1. Отправить POST /users/create со значением ""first_name"": ""    "".
2. Прочитать сохранённую строку.";"Ответ 201, в базе строка из пробелов.";400: поле пусто после обрезки.;Обрезать значение перед проверкой и сравнивать длину результата с нулём.;backend/src/user/user.service.ts:34-41;TC-FV-011 TC-API-020
DEF-42;Незначительный;Фронтенд · вёрстка;Над чекбоксом согласия отображается посторонняя звёздочка;"Компонент поля всегда рисует блок подписи со звёздочкой обязательности. Чекбоксу подпись не передана, поэтому остаётся пустая строка с одиноким красным символом, не относящимся ни к чему.";"1. Открыть форму.
2. Посмотреть область между полем подтверждения пароля и текстом согласия.";Между полями отображается одиночная красная звёздочка без подписи.;Посторонних символов в этом месте нет.;"Не отрисовывать блок подписи, если свойство placeholder не передано.";"frontend/src/components/ui/field/Field.tsx:17-21
frontend/src/components/screens/auth/AuthFields.tsx:151";TC-FV-083
DEF-43;Незначительный;Фронтенд · валидация полей;У чекбокса согласия не задан текст ошибки;"Правило обязательности записано объектом со значением true, но без поля с текстом сообщения. Блок ошибки отрисовывается пустым: пользователь видит, что кнопка не работает, но не понимает, чего не хватает.";"1. Заполнить все поля формы валидно.
2. Не ставить галочку согласия.
3. Осмотреть область под чекбоксом и состояние кнопки.";"Объект ошибки существует, но его свойство с текстом равно undefined, под чекбоксом пустой элемент.";"Показан текст, объясняющий необходимость согласия.";Задать message в правиле обязательности.;frontend/src/components/screens/auth/AuthFields.tsx:153-155;TC-FV-082
DEF-44;Незначительный;Фронтенд · вёрстка;Неактивная кнопка отправки выглядит точно как активная;"Кнопка заблокирована, пока форма невалидна, но сохраняет тот же ярко-жёлтый фон, полную непрозрачность и работающий эффект при наведении. Пользователь нажимает, ничего не происходит, и объяснения нигде нет. В сочетании с DEF-43 и DEF-45 это даёт форму, которая молча отказывается работать.";"1. Открыть форму, ничего не заполняя.
2. Навести курсор на кнопку S'inscrire и нажать её.
3. Сравнить вычисленные стили кнопки с её видом при заполненной форме.";"disabled равно true, при этом фон rgb(255, 208, 1) и непрозрачность 1 совпадают с активным состоянием, эффект наведения срабатывает.";"Неактивное состояние видно: приглушённый фон, изменённый курсор, отсутствие эффекта наведения.";"Добавить стили для disabled либо не блокировать кнопку, а показывать ошибки по нажатию.";"frontend/src/components/ui/button/Button.tsx:10-16
frontend/src/components/screens/auth/AuthForm.tsx:35-38";TC-UI-004
DEF-45;Незначительный;Фронтенд · логика формы;"Расхождение паролей не показывается, если изменить основное поле после подтверждения";"Правило совпадения проверяется только при изменении поля подтверждения. Если пароли уже совпали, а затем основной пароль отредактировали, ошибка не появляется, но форма становится невалидной и кнопка гаснет. Получается тупиковое состояние: видимых ошибок нет, отправить нельзя.";"1. Ввести одинаковые пароли в оба поля и убедиться, что кнопка активна.
2. Изменить только основное поле пароля.
3. Осмотреть поле подтверждения и состояние кнопки.";"Текст ошибки под полем подтверждения отсутствует, при этом кнопка отправки становится неактивной.";Под полем подтверждения появляется «The passwords do not match».;Указать deps на поле пароля либо вызывать trigger для подтверждения при его изменении.;frontend/src/components/screens/auth/AuthFields.tsx:139-141;TC-FV-071
DEF-46;Незначительный;Маршрутизация;Неизвестный маршрут отдаёт полностью пустую страницу;"В маршрутизаторе объявлены только корень и /success, перехватывающего маршрута нет. Опечатка в адресе или устаревшая ссылка приводят к белому экрану без единого элемента и без возможности вернуться иначе, чем правкой адреса вручную.";"1. Открыть приложение.
2. Перейти по адресу /nonexistent-page-404.
3. Осмотреть содержимое страницы и корневой элемент.";"Страница пуста, корневой элемент не содержит ни одного дочернего узла.";Показана страница 404 со ссылкой на форму либо выполнено перенаправление.;Добавить маршрут с путём * и страницей 404.;frontend/src/App.tsx:7-10;TC-RT-001
DEF-47;Незначительный;Маршрутизация;Экран благодарности открывается напрямую без регистрации;"Маршрут /success не защищён состоянием навигации, поэтому экран доступен по прямой ссылке кому угодно. Это не уязвимость, но вводит в заблуждение и делает бессмысленным подсчёт конверсии по просмотрам экрана.";"1. Открыть приложение в новой вкладке.
2. Перейти по адресу /success, не заполняя форму.";Показан экран «Thank you for subscription!» без предшествующей регистрации.;Выполняется перенаправление на форму.;Передавать признак успешной отправки через состояние навигации и перенаправлять при его отсутствии.;frontend/src/App.tsx:9;TC-RT-002
DEF-48;Незначительный;Доступность и локализация;Переключатель видимости пароля недоступен с клавиатуры;"Иконка реализована обычным блоком с обработчиком клика: без атрибута tabindex, без роли и без доступного имени. Пользователь, работающий только с клавиатуры, не может ни сфокусировать её, ни нажать, ни узнать о её существовании. Фокусируемых элементов на странице всего восемь: семь полей и кнопка.";"1. Открыть форму.
2. Пройти всю форму клавишей Tab.
3. Попытаться открыть введённый пароль без мыши.";"Элемент имеет тег div, атрибуты tabindex, role и aria-label отсутствуют, при обходе клавишей Tab он пропускается.";Переключатель получает фокус и срабатывает по Enter и пробелу.;"Заменить блок на button с типом button, атрибутом aria-pressed и текстовой подписью.";frontend/src/components/ui/field/Field.tsx:40-41;TC-AX-002
DEF-49;Незначительный;Доступность и локализация;У полей формы не заданы атрибуты автозаполнения;"Ни одно поле не имеет атрибута autocomplete, поэтому браузер и менеджер паролей не распознают, что это форма регистрации. Автозаполнение имени, телефона и адреса не срабатывает, предложение сгенерировать пароль не появляется. Пользователь заполняет семь полей вручную.";"1. Открыть форму в браузере со включённым автозаполнением.
2. Поставить курсор в поле имени и проверить, предлагает ли браузер сохранённые значения.
3. Проверить наличие атрибута autocomplete у всех полей.";"Атрибут autocomplete отсутствует у всех семи полей, предложений автозаполнения нет.";"Полям заданы given-name, family-name, tel, email и new-password.";Проставить соответствующие значения autocomplete каждому полю.;frontend/src/components/screens/auth/AuthFields.tsx:29-160;TC-FV-060
DEF-50;Незначительный;Доступность и локализация;Клик по тексту согласия не переключает чекбокс;"Текст условий вынесен в отдельный абзац рядом с полем и не обёрнут в label. Попасть в сам чекбокс размером 16 на 16 пикселей заметно труднее, чем в строку текста, особенно на сенсорном экране.";"1. Открыть форму.
2. Нажать на текст «J'ai lu et accepté les conditions générales d'utilisation de Wiregate».
3. Посмотреть состояние чекбокса.";"Состояние чекбокса не изменилось, элементов label на странице нет.";Клик по тексту переключает чекбокс.;Обернуть чекбокс и текст в общий label.;frontend/src/components/screens/auth/AuthFields.tsx:149-162;TC-FV-081
DEF-51;Незначительный;Доступность и локализация;Сообщения об ошибках не связаны с полями программно;"Текст ошибки отрисовывается обычным блоком после поля, без атрибута aria-describedby и без роли оповещения. Программа экранного доступа не связывает ошибку с полем и не объявляет её появление, поэтому незрячий пользователь узнаёт о проблеме, только вернувшись к полю вручную.";"1. Открыть форму со включённой программой экранного доступа.
2. Вызвать ошибку в любом поле.
3. Проверить наличие aria-describedby у поля и role у блока ошибки.";"Атрибут aria-describedby у полей отсутствует, у блока ошибки нет роли alert, появление текста не объявляется.";Ошибка связана с полем и объявляется при появлении.;"Выдать блоку ошибки идентификатор, сослаться на него из aria-describedby и добавить role alert.";frontend/src/components/ui/field/Field.tsx:58-60;TC-AX-005
DEF-52;Незначительный;Доступность и локализация;Обязательность полей передаётся только красной звёздочкой;"Атрибут required ни у одного поля не проставлен, обязательность обозначена исключительно визуально. Программа экранного доступа прочитает символ звёздочки как знак препинания или промолчит, и пользователь не узнает, какие поля обязательны.";"1. Открыть форму.
2. Проверить наличие атрибута required у всех полей.
3. Прослушать поля программой экранного доступа.";"Полей с атрибутом required — ноль, обязательность передаётся только цветом и символом.";Поля помечены атрибутом required или aria-required.;Проставить required полям и оставить звёздочку как визуальное дублирование.;frontend/src/components/ui/field/Field.tsx:20;TC-AX-007
DEF-53;Незначительный;Доступность и локализация;Поля почты и телефона объявлены как обычный текст;"Оба поля имеют тип text вместо email и tel. На мобильном устройстве открывается обычная клавиатура вместо цифровой и почтовой, а встроенная проверка формата браузером не работает. Это заметно удлиняет заполнение формы с телефона.";"1. Открыть форму на мобильном устройстве или во включённой эмуляции.
2. Коснуться поля Numéro de téléphone.
3. Коснуться поля Votre email.";"Типы всех текстовых полей равны text, открывается обычная буквенная клавиатура.";"Поле телефона имеет тип tel, поле почты — email.";Передавать корректный тип каждому полю.;frontend/src/components/screens/auth/AuthFields.tsx:88-105;TC-FV-038 TC-FV-048
DEF-54;Незначительный;Фронтенд · валидация полей;У полей не задан атрибут максимальной длины;"Ограничения длины существуют только как правила проверки, поэтому пользователь может ввести или вставить сколько угодно символов и узнаёт о лимите лишь из сообщения об ошибке. При вставке длинной строки из буфера это выглядит как отказ без причины.";"1. Открыть форму.
2. Вставить в поле имени строку длиннее 28 символов.
3. Проверить наличие атрибута maxlength у полей.";"Атрибут maxlength отсутствует у всех полей, ввод не ограничивается.";Ввод ограничен на уровне поля либо лишние символы явно отсекаются с пояснением.;Передавать maxLength в поле вместе с правилом проверки.;frontend/src/components/ui/field/Field.tsx:25;TC-FV-014
DEF-55;Незначительный;Доступность и локализация;Язык документа объявлен английским при французском интерфейсе;"В разметке указан атрибут языка en, тогда как весь интерфейс на французском. Программа экранного доступа читает французский текст английскими правилами произношения, а встроенный переводчик браузера не предлагает перевод.";"1. Открыть форму.
2. Посмотреть атрибут lang у корневого элемента разметки.";lang равен en при полностью французском содержимом страницы.;lang равен fr.;Исправить атрибут и задавать его из выбранной локали.;frontend/public/index.html:2;TC-AX-006
DEF-56;Незначительный;Доступность и локализация;Тексты сообщений в одной форме смешаны на двух языках;"Подписи полей и часть сообщений на французском, остальные сообщения об ошибках на английском. Внутри одной формы пользователь видит «Ce champ est requis» и «First Name must be at least 4 characters». Для франкоязычной аудитории половина подсказок нечитаема.";"1. Открыть форму.
2. Вызвать ошибку в поле имени.
3. Вызвать ошибку формата в поле телефона.
4. Сравнить языки двух сообщений.";"В поле имени показано английское сообщение, в поле телефона — французское.";Все тексты интерфейса на одном языке.;Перевести сообщения на французский и вынести их в словарь локализации.;frontend/src/components/screens/auth/AuthFields.tsx:31-82;TC-AX-008
DEF-57;Незначительный;Фронтенд · вёрстка;Заголовок вкладки и значок сайта остались от шаблона;"Во вкладке браузера отображается «React App» и стандартный значок create-react-app. Пользователь с несколькими открытыми вкладками не найдёт нужную, а в закладках и истории страница выглядит как чужая заготовка.";"1. Открыть форму.
2. Посмотреть заголовок и значок вкладки браузера.";"Заголовок «React App», значок — логотип шаблона create-react-app.";"Заголовок содержит название продукта, значок соответствует бренду.";"Заменить title, favicon и содержимое manifest.json.";"frontend/public/index.html:27
frontend/public/favicon.ico";TC-UI-009
DEF-58;Незначительный;Фронтенд · вёрстка;"Компонент регистрации через соцсети написан, но нигде не отрисован";"Файл с кнопками Google и Facebook существует целиком, у кнопки Facebook жёстко проставлено неактивное состояние, но ни один экран этот компонент не подключает. Мёртвый код придётся поддерживать при каждом рефакторинге, а читающий код будет искать несуществующую функциональность.";"1. Открыть форму и поискать кнопки Google и Facebook.
2. Подсчитать число кнопок на странице.
3. Найти импорты компонента SocialMediaFields в проекте.";На странице одна кнопка — S'inscrire. Импортов компонента в проекте нет.;"Либо блок подключён к форме, либо файл удалён.";Принять решение по функциональности: подключить или удалить файл.;frontend/src/components/screens/auth/SocialMediaFields.tsx;TC-UI-006
DEF-59;Незначительный;Фронтенд · вёрстка;Текст для существующих пользователей не является ссылкой;"Внизу формы стоит вопрос «Vous avez déjà un compte?», но ссылки на вход рядом нет. Зарегистрированный пользователь, попавший на эту страницу, упирается в тупик и вынужден искать вход самостоятельно.";"1. Открыть форму.
2. Прокрутить к нижней части карточки.
3. Нажать на текст «Vous avez déjà un compte?».";"Текст не кликабелен, ссылки на страницу входа на форме нет.";Рядом с вопросом стоит ссылка на вход.;Добавить ссылку либо убрать текст до появления страницы входа.;frontend/src/components/screens/auth/AuthForm.tsx:40-42;TC-UI-007
DEF-60;Незначительный;Фронтенд · вёрстка;"В разметке используется класс шрифта, которого Tailwind не создаёт";"Класс font-OpenSans проставлен на карточке формы, но в конфигурации Tailwind нет раздела с семействами шрифтов, поэтому такой класс не генерируется. Шрифт применяется исключительно глобальным правилом в index.scss. Класс создаёт ложное впечатление управляемой типографики и переживёт любой рефакторинг глобальных стилей незамеченным.";"1. Собрать фронтенд.
2. Найти строку font-OpenSans в собранном файле стилей.
3. Проверить наличие раздела fontFamily в tailwind.config.js.";"Вхождений font-OpenSans в собранном CSS ноль, раздела fontFamily в конфигурации нет.";Класс объявлен в конфигурации и задаёт семейство шрифтов.;Объявить семейство в theme.extend.fontFamily либо убрать класс из разметки.;"frontend/src/components/screens/auth/AuthForm.tsx:16
frontend/tailwind.config.js:7";TC-UI-005
DEF-61;Незначительный;API · контракт и валидация;Ответ не соответствует объявленному типу;"Метод объявлен возвращающим ShowUserDto с четырьмя полями, а фактически отдаёт сохранённую сущность вместе с идентификатором, признаком согласия и любыми посторонними полями из запроса. Потребитель API не может опираться на объявленный контракт, а лишние поля раскрывают внутреннее устройство хранилища.";"1. Отправить корректный POST /users/create.
2. Сравнить состав полей ответа с объявлением ShowUserDto.";В ответе присутствуют id и is_agree сверх четырёх объявленных полей.;"Ответ содержит ровно поля, объявленные в ShowUserDto.";Собирать ответ явно либо подключить ClassSerializerInterceptor с @Exclude на скрытых полях.;"backend/src/user/user.controller.ts:11
backend/src/user/dto/user.dto.ts:10-15";TC-API-013
DEF-62;Незначительный;API · безопасность;В ответах нет заголовков безопасности;"Ни политики содержимого, ни запрета на угадывание типа, ни защиты от встраивания в рамку, ни строгого требования HTTPS. Пакет helmet не подключён. Для формы, принимающей пароли, это базовый минимум, которого нет.";"1. Отправить любой запрос к API.
2. Посмотреть полный список заголовков ответа.";"Заголовки Content-Security-Policy, X-Content-Type-Options, X-Frame-Options и Strict-Transport-Security отсутствуют.";Перечисленные заголовки присутствуют со значениями по умолчанию из helmet.;Подключить helmet в точке входа приложения.;backend/src/main.ts:5-7;TC-SEC-008
DEF-63;Незначительный;API · безопасность;Заголовок ответа раскрывает используемый фреймворк;"Express по умолчанию добавляет заголовок с названием фреймворка. Это подсказка для автоматизированного сканирования: зная стек, атакующий сужает набор проверяемых уязвимостей.";"1. Отправить любой запрос к API.
2. Найти в ответе заголовок X-Powered-By.";X-Powered-By: Express.;Заголовок отсутствует.;Вызвать disable('x-powered-by') на экземпляре Express или подключить helmet.;backend/src/main.ts:5;TC-SEC-009
DEF-64;Незначительный;API · контракт и валидация;Внутренний текст ошибки разбора JSON возвращается клиенту;"При некорректном теле запроса наружу уходит сообщение парсера с позицией символа. Само по себе оно безобидно, но это признак того, что внутренние ошибки не приводятся к единому формату, и в будущем наружу может уйти что-то более чувствительное.";"1. Отправить POST /users/create с телом {oops и заголовком Content-Type: application/json.
2. Прочитать тело ответа.";400 с текстом «Unexpected token o in JSON at position 1».;400 с обобщённым сообщением о некорректном теле запроса.;"Добавить фильтр исключений, приводящий ошибки разбора к единому ответу.";backend/src/main.ts:5;TC-API-014
DEF-65;Незначительный;Данные и БД;У записи пользователя нет временных меток;"В таблице шесть колонок, отметок создания и изменения нет. Разобрать инцидент, построить воронку регистраций или обнаружить следы перезаписи из DEF-02 невозможно: определить, когда строка появилась и менялась ли она, нечем.";"1. Поднять базу.
2. Выполнить \d users и посмотреть список колонок.";"Колонки id, first_name, last_name, email, phone_number, password. Колонок created_at и updated_at нет.";В таблице есть отметки создания и изменения записи.;Добавить @CreateDateColumn и @UpdateDateColumn и применить миграцией.;backend/src/user/entity/user.entity.ts:5-21;TC-DB-004
DEF-66;Незначительный;Данные и БД;TypeORM настроен автоматически приводить схему к виду сущностей;"Параметр synchronize включён, поэтому при каждом старте схема подгоняется под классы сущностей. Переименование поля в коде молча удалит колонку вместе с данными. Для рабочего окружения это прямой путь к потере данных без единой строки миграции.";"1. Открыть backend/ormconfig.ts.
2. Найти параметр synchronize.";synchronize: true.;"synchronize отключён, схемой управляют миграции.";Отключить параметр и завести миграции TypeORM.;backend/ormconfig.ts:9;TC-DB-003
DEF-67;Незначительный;Данные и БД;Неудачные вставки расходуют значения последовательности идентификаторов;"Каждый запрос, дошедший до базы и отклонённый ею, увеличивает счётчик. Само по себе это безобидно, но служит индикатором того, что некорректные данные проходят валидацию и доходят до слоя хранения. При потоке ошибочных запросов в идентификаторах появляются заметные пропуски.";"1. Очистить таблицу.
2. Отправить два запроса без поля first_name, каждый из которых отвечает 500.
3. Создать корректного пользователя и посмотреть его идентификатор.";Успешная запись получила идентификатор 5 вместо 3: два значения израсходованы отклонёнными вставками.;"Идентификаторы идут подряд, потому что некорректные запросы до базы не доходят.";"Отсекать некорректные данные валидацией до обращения к базе, см. DEF-08.";backend/src/user/user.service.ts:18;TC-DB-005
DEF-68;Незначительный;API · контракт и валидация;Размер тела запроса ограничен только стандартным лимитом Express;"Прикладного ограничения нет ни на одном слое, поэтому единственная граница — стандартные сто килобайт разбора тела. Имя размером 92 килобайта успешно доходит до базы, потому что длина колонки тоже не ограничена.";"1. Отправить POST /users/create, где first_name занимает 92 килобайта.
2. Отправить такой же запрос размером 204 килобайта.
3. Проверить содержимое таблицы после первого запроса.";92 килобайта — ответ 201 и строка записана. 204 килобайта — ответ 413 request entity too large.;Оба запроса отклонены прикладной проверкой длины поля.;Ограничить длину полей в DTO и задать явный лимит разбора тела.;backend/src/main.ts:5;TC-API-016
DEF-69;Незначительный;Инфраструктура и сборка;Команда проверки стиля молча переписывает исходные файлы;"В скрипт линтера зашит флаг автоматического исправления, поэтому проверка не сообщает о проблеме, а правит код. В конвейере шаг никогда не покраснеет, а у разработчика появятся необъяснимые изменения в рабочем дереве. Попутно выясняется, что закоммиченный код не соответствует собственной конфигурации форматирования.";"1. Убедиться, что рабочее дерево чистое.
2. Выполнить yarn lint в каталоге бэкенда.
3. Выполнить git status.";"Изменены четыре файла: app.config.ts, user.dto.ts, user.controller.ts, user.service.ts. Вывод линтера: 1 problem (0 errors, 1 warning).";Линтер сообщает о проблемах и не меняет файлы.;Убрать флаг исправления из скрипта lint и завести отдельный скрипт lint:fix.;backend/package.json:16;TC-INF-004
DEF-70;Незначительный;Инфраструктура и сборка;Пароль базы данных записан прямо в файле конфигурации запуска;"Значение задано строкой в docker-compose и попадает в репозиторий. Вместе с DEF-33, публикующим порт наружу, и DEF-03, хранящим пароли пользователей открытым текстом, это выстраивается в законченную цепочку компрометации.";"1. Открыть docker-compose.yml.
2. Найти переменную POSTGRES_PASSWORD.";"POSTGRES_PASSWORD: ""secret"" — пароль в открытом виде в репозитории.";Пароль берётся из переменных окружения или системы управления секретами.;"Вынести значение в .env, добавить .env в .gitignore и приложить .env.example.";docker-compose.yml:36;TC-INF-013
DEF-71;Незначительный;Инфраструктура и сборка;"Бэкенд стартует, не дожидаясь готовности базы";"У сервиса базы нет проверки готовности, а зависимость объявлена без условия, поэтому контейнер бэкенда считается запущенным сразу после старта процесса Postgres. На холодной машине бэкенд может обратиться к базе раньше, чем та примет подключения, и упасть. Дефект воспроизводится нестабильно, что делает его неприятным в отладке.";"1. Удалить локальные образы и тома, чтобы старт был холодным.
2. Выполнить docker compose up.
3. Посмотреть журнал контейнера бэкенда на предмет ошибок подключения.";"Проверка готовности у контейнера базы отсутствует, зависимость объявлена без условия.";"Бэкенд стартует только после того, как база начала принимать подключения.";Добавить healthcheck на pg_isready и указать condition: service_healthy в depends_on.;docker-compose.yml:19-20;TC-INF-006
DEF-72;Незначительный;Инфраструктура и сборка;Зависимости устанавливаются в примонтированный каталог от имени root;"Контейнеры работают от root и ставят зависимости прямо в исходный каталог проекта на хосте. Каталоги node_modules общим объёмом около гигабайта принадлежат root, поэтому разработчик не может удалить или изменить их без повышения прав. Сборка также смешивается с исходниками.";"1. Поднять стек командой из README.
2. Дождаться установки зависимостей.
3. Выполнить ls -ld backend/node_modules на хосте.";"Каталоги принадлежат root:root, суммарный объём около одного гигабайта в каталоге с исходниками.";"Файлы принадлежат пользователю, запустившему стек, либо зависимости лежат в именованном томе.";Указать user с идентификатором текущего пользователя либо вынести node_modules в отдельный том.;"docker-compose.yml:15-16
docker-compose.yml:29-30";TC-INF-009
DEF-73;Незначительный;Инфраструктура и сборка;В файле запуска используется устаревший ключ версии;"Ключ version в Compose второго поколения игнорируется и вызывает предупреждение при каждом запуске. Шум в выводе приучает не читать предупреждения, среди которых потом теряется что-то важное.";"1. Выполнить docker compose up.
2. Прочитать первые строки вывода.";"Предупреждение: «the attribute `version` is obsolete, it will be ignored».";"Вывод чистый, предупреждений нет.";Удалить строку version из docker-compose.yml.;docker-compose.yml:1;TC-INF-008
DEF-74;Незначительный;Нефункциональные;Фронтенд запускается в режиме разработки;"В конфигурации указан запуск сервера разработки, то есть без минификации, с картами исходников и со средствами отладки. Демонстрационный стенд не отражает того, что увидит пользователь: ни размер бандла, ни скорость загрузки, ни поведение при ошибках не соответствуют рабочей сборке.";"1. Открыть docker-compose.yml и посмотреть команду сервиса frontend.
2. Открыть приложение и проверить наличие карт исходников в панели разработчика.";Запускается react-scripts start — сервер разработки с картами исходников и без минификации.;Для демонстрации собирается рабочая сборка и отдаётся статикой.;"Добавить отдельный сервис или стадию сборки, отдающую результат react-scripts build.";docker-compose.yml:24;TC-NFR-002
DEF-75;Незначительный;API · безопасность;Владение адресом почты не подтверждается;"Учётная запись создаётся сразу, письма с подтверждением нет. Можно зарегистрировать чужой адрес, а вместе с DEF-09, разрешающим дубликаты, и DEF-22, не ограничивающим частоту, база быстро наполняется записями на адреса, которые их владельцам не принадлежат.";"1. Зарегистрировать заведомо чужой адрес почты.
2. Проверить, появилась ли запись в таблице.
3. Проверить, отправляется ли письмо подтверждения.";"Запись создана немедленно, подтверждение не запрашивается.";Учётная запись не активна до перехода по ссылке из письма.;Ввести подтверждение адреса по одноразовой ссылке и хранить признак подтверждения в записи.;backend/src/user/user.service.ts:16-24;TC-SEC-012
DEF-76;Незначительный;Фронтенд · валидация полей;Проверка адреса почты пропускает заведомо несуществующие домены;"Выражение допускает домен, начинающийся с дефиса, и адрес с IP-литералом в квадратных скобках. Оба варианта в обычной пользовательской форме бессмысленны и означают, что адрес указан с ошибкой, а пользователь узнает об этом только не получив письмо.";"1. Ввести в поле почты a@-b.co.
2. Ввести a@[127.0.0.1].
3. Отправить те же значения в API.";"Оба значения приняты и формой, и сервером, ответ 201.";Оба значения отклонены как некорректные.;Использовать проверенную библиотеку проверки адреса вместо собственного выражения.;"frontend/src/shared/regex.ts:1
backend/src/config/regex.config.ts:4";TC-FV-043 TC-FV-044
DEF-77;Незначительный;Инфраструктура и сборка;Переменные окружения нигде не описаны;"В репозитории нет ни файла-образца окружения, ни раздела в README, хотя приложение читает шесть переменных. Развернуть проект не в Docker или подключить его к другой базе можно, только вычитав имена переменных из docker-compose и исходников.";"1. Склонировать репозиторий.
2. Поискать файл .env.example.
3. Прочитать README на предмет описания переменных окружения.";"Файла-образца нет, README содержит только команду запуска, описания переменных нет.";В репозитории есть .env.example со всеми переменными и их назначением.;Добавить .env.example и раздел с описанием переменных в README.;README.md;TC-INF-011
DEF-78;Незначительный;API · безопасность;Пароль передаётся между фронтендом и API по незашифрованному каналу;"Адрес API задан по схеме http, то есть пароль уходит по сети в открытом виде. На локальной машине это безвредно, но в конфигурации по умолчанию нет ничего, что помешало бы развернуть стенд в таком виде за пределами localhost.";"1. Открыть docker-compose.yml и посмотреть значение REACT_APP_API_URL.
2. Отправить форму и посмотреть схему запроса в панели сети.";"Адрес задан как http://localhost:8000, запрос с паролем уходит по http.";"Обмен идёт по https, для локальной разработки это явно оговорено.";Настроить TLS для внешних окружений и включить строгий транспорт через helmet.;docker-compose.yml:27-28;TC-SEC-010
